{"stats":{"minecraft:crafted":{"minecraft:wooden_sword":1,"minecraft:cooked_porkchop":4,"minecraft:iron_axe":1,"minecraft:crafting_table":4,"minecraft:stick":24,"minecraft:birch_boat":1,"minecraft:iron_ingot":6,"minecraft:wooden_pickaxe":2,"minecraft:iron_pickaxe":1,"minecraft:stone_pickaxe":3,"minecraft:furnace":1,"minecraft:birch_button":1,"minecraft:birch_planks":100,"minecraft:stone_axe":1,"minecraft:air":0},"minecraft:mined":{"minecraft:tuff":2,"minecraft:furnace":2,"minecraft:birch_log":65,"minecraft:birch_leaves":1,"minecraft:crafting_table":1,"minecraft:clay":2,"minecraft:granite":11,"minecraft:short_grass":2,"minecraft:grass_block":6,"minecraft:deepslate_iron_ore":4,"minecraft:gravel":10,"minecraft:dirt":24,"minecraft:stone":125,"minecraft:diorite":13,"minecraft:deepslate":44},"minecraft:picked_up":{"minecraft:birch_log":64,"minecraft:crafting_table":1,"minecraft:raw_iron":6,"minecraft:cooked_porkchop":1,"minecraft:clay_ball":8,"minecraft:porkchop":5,"minecraft:gravel":9,"minecraft:birch_button":1,"minecraft:flint":1,"minecraft:tuff":1,"minecraft:diorite":15,"minecraft:dirt":37,"minecraft:raw_copper":2,"minecraft:wheat_seeds":1,"minecraft:stone_sword":1,"minecraft:cooked_cod":1,"minecraft:cobbled_deepslate":58,"minecraft:granite":14,"minecraft:stone_pickaxe":1,"minecraft:coal":9,"minecraft:cobblestone":176,"minecraft:furnace":2},"minecraft:dropped":{"minecraft:stone_sword":1,"minecraft:birch_button":2,"minecraft:wooden_pickaxe":1,"minecraft:stone_pickaxe":1,"minecraft:iron_pickaxe":1},"minecraft:used":{"minecraft:iron_axe":42,"minecraft:stone_pickaxe":182,"minecraft:birch_boat":1,"minecraft:wooden_pickaxe":25,"minecraft:stone_axe":11,"minecraft:wooden_sword":10,"minecraft:dirt":10,"minecraft:cobblestone":3,"minecraft:cooked_porkchop":2,"minecraft:crafting_table":4,"minecraft:furnace":2,"minecraft:cooked_cod":1},"minecraft:killed":{"minecraft:pig":2},"minecraft:custom":{"minecraft:time_since_rest":24994,"minecraft:interact_with_furnace":14,"minecraft:sprint_one_cm":34285,"minecraft:damage_taken":191,"minecraft:walk_one_cm":44784,"minecraft:mob_kills":3,"minecraft:drop":6,"minecraft:damage_dealt":430,"minecraft:interact_with_crafting_table":10,"minecraft:fly_one_cm":27274,"minecraft:crouch_one_cm":4939,"minecraft:walk_under_water_one_cm":225,"minecraft:play_time":24994,"minecraft:sneak_time":2101,"minecraft:boat_one_cm":43230,"minecraft:jump":384,"minecraft:walk_on_water_one_cm":65,"minecraft:time_since_death":24994,"minecraft:total_world_time":24994,"minecraft:fall_one_cm":4691},"minecraft:broken":{"minecraft:stone_pickaxe":1}},"DataVersion":3700}