{"stats":{"minecraft:picked_up":{"minecraft:crafting_table":2,"minecraft:salmon":1,"minecraft:andesite":17,"mowziesmobs:glowing_jelly":2,"minecraft:flint":1,"minecraft:oak_log":9,"minecraft:string":2,"minecraft:dirt":10,"minecraft:bone":1,"minecraft:apple":1,"minecraft:iron_ore":51,"minecraft:stick":10,"minecraft:torch":9,"minecraft:gravel":6,"minecraft:porkchop":19,"minecraft:redstone":73,"minecraft:gold_ore":1,"minecraft:diamond":3,"minecraft:granite":42,"minecraft:oak_sapling":5,"minecraft:coal":115,"minecraft:cobblestone":443},"minecraft:used":{"minecraft:stone_sword":14,"minecraft:stone_pickaxe":131,"minecraft:shield":3,"minecraft:chest":1,"minecraft:wooden_pickaxe":4,"minecraft:iron_sword":30,"minecraft:cooked_salmon":1,"minecraft:torch":23,"minecraft:dirt":5,"minecraft:crafting_table":3,"minecraft:iron_pickaxe":618,"minecraft:cobblestone":91,"minecraft:furnace":2,"minecraft:cooked_porkchop":4},"minecraft:crafted":{"minecraft:oak_planks":36,"minecraft:cooked_porkchop":6,"minecraft:crafting_table":1,"minecraft:wooden_pickaxe":1,"minecraft:iron_helmet":1,"minecraft:iron_sword":1,"minecraft:furnace":2,"minecraft:cooked_salmon":1,"minecraft:air":0,"minecraft:iron_boots":1,"minecraft:iron_chestplate":1,"minecraft:diamond_pickaxe":1,"minecraft:shield":1,"minecraft:stick":28,"minecraft:iron_ingot":49,"minecraft:iron_pickaxe":4,"minecraft:stone_pickaxe":1,"minecraft:stone_sword":1,"minecraft:chest":1,"minecraft:iron_leggings":1,"minecraft:torch":32},"minecraft:dropped":{"minecraft:iron_pickaxe":1},"minecraft:mined":{"minecraft:diamond_ore":3,"minecraft:crafting_table":2,"minecraft:torch":1,"minecraft:granite":42,"minecraft:grass_block":3,"minecraft:cobblestone":11,"minecraft:wall_torch":6,"minecraft:redstone_ore":16,"minecraft:iron_ore":49,"minecraft:andesite":17,"minecraft:oak_log":9,"minecraft:coal_ore":116,"minecraft:gravel":7,"minecraft:dirt":7,"minecraft:stone":492,"minecraft:gold_ore":1,"minecraft:oak_leaves":5},"minecraft:broken":{"minecraft:stone_pickaxe":1,"minecraft:iron_pickaxe":2},"minecraft:killed":{"minecraft:pig":9,"minecraft:salmon":2,"minecraft:spider":1,"mowziesmobs:lantern":1,"minecraft:skeleton":2,"goblintraders:goblin_trader":1},"minecraft:custom":{"minecraft:interact_with_furnace":26,"minecraft:mob_kills":16,"minecraft:interact_with_crafting_table":22,"minecraft:play_one_minute":92446,"minecraft:time_since_death":92446,"minecraft:time_since_rest":92446,"minecraft:sprint_one_cm":60077,"minecraft:damage_taken":329,"minecraft:walk_one_cm":142801,"minecraft:damage_blocked_by_shield":120,"minecraft:drop":1,"minecraft:damage_dealt":1980,"minecraft:swim_one_cm":5954,"minecraft:fly_one_cm":42872,"minecraft:open_chest":13,"minecraft:crouch_one_cm":17142,"minecraft:sneak_time":5997,"minecraft:walk_under_water_one_cm":1252,"minecraft:jump":632,"minecraft:walk_on_water_one_cm":6697,"minecraft:fall_one_cm":5589}},"DataVersion":2586}