{"stats":{"minecraft:picked_up":{"minecraft:crafting_table":1,"minecraft:stick":1,"minecraft:andesite":9,"minecraft:torch":6,"minecraft:gravel":6,"mowziesmobs:glowing_jelly":2,"minecraft:porkchop":3,"minecraft:flint":1,"minecraft:oak_log":9,"minecraft:redstone":73,"minecraft:dirt":10,"minecraft:string":2,"minecraft:apple":1,"minecraft:granite":29,"minecraft:iron_ore":33,"minecraft:oak_sapling":5,"minecraft:coal":61,"minecraft:cobblestone":341},"minecraft:used":{"minecraft:stone_sword":14,"minecraft:iron_pickaxe":422,"minecraft:stone_pickaxe":131,"minecraft:chest":1,"minecraft:wooden_pickaxe":4,"minecraft:iron_sword":4,"minecraft:torch":16,"minecraft:dirt":5,"minecraft:cobblestone":25,"minecraft:crafting_table":2,"minecraft:furnace":1,"minecraft:cooked_porkchop":3},"minecraft:crafted":{"minecraft:oak_planks":36,"minecraft:iron_chestplate":1,"minecraft:cooked_porkchop":3,"minecraft:crafting_table":1,"minecraft:stick":20,"minecraft:iron_pickaxe":3,"minecraft:iron_ingot":26,"minecraft:wooden_pickaxe":1,"minecraft:stone_pickaxe":1,"minecraft:iron_leggings":1,"minecraft:stone_sword":1,"minecraft:iron_sword":1,"minecraft:chest":1,"minecraft:furnace":1,"minecraft:torch":16,"minecraft:air":0},"minecraft:mined":{"minecraft:redstone_ore":16,"minecraft:iron_ore":33,"minecraft:andesite":9,"minecraft:torch":1,"minecraft:crafting_table":1,"minecraft:granite":29,"minecraft:coal_ore":62,"minecraft:grass_block":3,"minecraft:oak_log":9,"minecraft:gravel":7,"minecraft:dirt":7,"minecraft:cobblestone":1,"minecraft:stone":401,"minecraft:oak_leaves":5,"minecraft:wall_torch":5},"minecraft:broken":{"minecraft:stone_pickaxe":1,"minecraft:iron_pickaxe":1},"minecraft:killed":{"mowziesmobs:lantern":1,"minecraft:skeleton":1,"minecraft:pig":1,"minecraft:spider":1,"goblintraders:goblin_trader":1},"minecraft:custom":{"minecraft:time_since_rest":50446,"minecraft:interact_with_furnace":13,"minecraft:sprint_one_cm":30163,"minecraft:damage_taken":190,"minecraft:walk_one_cm":72988,"minecraft:mob_kills":5,"minecraft:damage_dealt":700,"minecraft:swim_one_cm":3384,"minecraft:interact_with_crafting_table":10,"minecraft:fly_one_cm":22343,"minecraft:open_chest":11,"minecraft:crouch_one_cm":8067,"minecraft:play_one_minute":50446,"minecraft:sneak_time":3765,"minecraft:walk_under_water_one_cm":664,"minecraft:jump":314,"minecraft:walk_on_water_one_cm":2293,"minecraft:time_since_death":50446,"minecraft:fall_one_cm":4275}},"DataVersion":2586}