{"stats":{"minecraft:crafted":{"minecraft:wooden_sword":1,"minecraft:cooked_porkchop":4,"minecraft:crafting_table":4,"minecraft:wooden_pickaxe":2,"minecraft:birch_boat":1,"minecraft:furnace":1,"minecraft:birch_planks":100,"minecraft:stone_axe":1,"minecraft:air":0,"minecraft:iron_axe":1,"minecraft:stick":24,"minecraft:iron_ingot":6,"minecraft:iron_pickaxe":1,"minecraft:stone_pickaxe":3,"minecraft:white_bed":1,"minecraft:birch_button":1},"minecraft:mined":{"minecraft:tuff":2,"minecraft:white_bed":1,"minecraft:clay":2,"minecraft:crafting_table":2,"minecraft:granite":11,"minecraft:short_grass":2,"minecraft:grass_block":6,"minecraft:diorite":13,"minecraft:furnace":2,"minecraft:birch_log":65,"minecraft:iron_ore":10,"minecraft:lilac":2,"minecraft:birch_leaves":1,"minecraft:peony":3,"minecraft:coal_ore":13,"minecraft:deepslate_iron_ore":4,"minecraft:dirt":25,"minecraft:gravel":10,"minecraft:stone":146,"minecraft:deepslate":44},"minecraft:picked_up":{"minecraft:birch_log":64,"minecraft:crafting_table":2,"minecraft:lilac":2,"minecraft:clay_ball":8,"minecraft:birch_button":1,"minecraft:flint":1,"minecraft:tuff":1,"minecraft:dirt":38,"minecraft:raw_copper":2,"minecraft:wheat_seeds":2,"minecraft:cobbled_deepslate":58,"minecraft:beef":1,"minecraft:stone_pickaxe":1,"minecraft:light_gray_wool":1,"minecraft:furnace":2,"minecraft:raw_iron":16,"minecraft:cooked_porkchop":1,"minecraft:gravel":9,"minecraft:porkchop":10,"minecraft:diorite":15,"minecraft:white_bed":1,"minecraft:stone_sword":1,"minecraft:cooked_cod":1,"minecraft:peony":2,"minecraft:granite":14,"minecraft:gray_wool":2,"minecraft:mutton":7,"minecraft:coal":20,"minecraft:white_wool":3,"minecraft:cobblestone":197},"minecraft:used":{"minecraft:stone_pickaxe":226,"minecraft:wooden_pickaxe":25,"minecraft:birch_boat":1,"minecraft:dirt":21,"minecraft:crafting_table":5,"minecraft:white_bed":1,"minecraft:iron_axe":69,"minecraft:stone_axe":11,"minecraft:wooden_sword":10,"minecraft:cobblestone":3,"minecraft:cooked_cod":1,"minecraft:furnace":3,"minecraft:cooked_porkchop":3},"minecraft:dropped":{"minecraft:wheat_seeds":2,"minecraft:stone_sword":1,"minecraft:birch_button":2,"minecraft:stone_pickaxe":1,"minecraft:wooden_pickaxe":1,"minecraft:iron_pickaxe":1},"minecraft:killed":{"minecraft:pig":3,"minecraft:spider":1,"minecraft:sheep":7,"minecraft:zombie":3,"minecraft:turtle":1,"minecraft:cow":1},"minecraft:custom":{"minecraft:interact_with_furnace":16,"minecraft:mob_kills":17,"minecraft:interact_with_crafting_table":11,"minecraft:time_since_death":36994,"minecraft:sleep_in_bed":2,"minecraft:time_since_rest":4318,"minecraft:sprint_one_cm":51359,"minecraft:damage_taken":246,"minecraft:walk_one_cm":54250,"minecraft:drop":7,"minecraft:damage_dealt":2229,"minecraft:swim_one_cm":16567,"minecraft:fly_one_cm":47667,"minecraft:open_chest":4,"minecraft:crouch_one_cm":6939,"minecraft:play_time":36994,"minecraft:sneak_time":3165,"minecraft:walk_under_water_one_cm":4621,"minecraft:boat_one_cm":176907,"minecraft:jump":530,"minecraft:walk_on_water_one_cm":4436,"minecraft:total_world_time":36994,"minecraft:fall_one_cm":6003},"minecraft:broken":{"minecraft:stone_pickaxe":1}},"DataVersion":3700}