{"stats":{"minecraft:picked_up":{"minecraft:stick":1,"minecraft:gravel":5,"mowziesmobs:glowing_jelly":2,"minecraft:porkchop":3,"minecraft:flint":1,"minecraft:oak_log":9,"minecraft:dirt":8,"minecraft:string":2,"minecraft:oak_sapling":5,"minecraft:coal":18,"minecraft:cobblestone":37},"minecraft:used":{"minecraft:stone_sword":14,"minecraft:stone_pickaxe":54,"minecraft:chest":1,"minecraft:wooden_pickaxe":4,"minecraft:dirt":2,"minecraft:crafting_table":1,"minecraft:furnace":1},"minecraft:crafted":{"minecraft:oak_planks":36,"minecraft:crafting_table":1,"minecraft:stick":8,"minecraft:wooden_pickaxe":1,"minecraft:stone_pickaxe":1,"minecraft:stone_sword":1,"minecraft:chest":1,"minecraft:furnace":1},"minecraft:mined":{"minecraft:coal_ore":19,"minecraft:grass_block":3,"minecraft:oak_log":9,"minecraft:gravel":6,"minecraft:dirt":5,"minecraft:stone":38,"minecraft:oak_leaves":5},"minecraft:killed":{"mowziesmobs:lantern":1,"minecraft:skeleton":1,"minecraft:pig":1,"minecraft:spider":1},"minecraft:custom":{"minecraft:time_since_rest":14446,"minecraft:interact_with_furnace":2,"minecraft:sprint_one_cm":20942,"minecraft:damage_taken":190,"minecraft:walk_one_cm":37153,"minecraft:mob_kills":4,"minecraft:damage_dealt":500,"minecraft:swim_one_cm":3384,"minecraft:interact_with_crafting_table":5,"minecraft:fly_one_cm":19126,"minecraft:open_chest":6,"minecraft:crouch_one_cm":4275,"minecraft:play_one_minute":14446,"minecraft:sneak_time":1412,"minecraft:walk_under_water_one_cm":664,"minecraft:jump":169,"minecraft:walk_on_water_one_cm":2293,"minecraft:time_since_death":14446,"minecraft:fall_one_cm":4275}},"DataVersion":2586}