{"stats":{"minecraft:crafted":{"minecraft:wooden_sword":1,"minecraft:cooked_porkchop":6,"minecraft:crafting_table":4,"minecraft:wooden_pickaxe":2,"minecraft:birch_boat":2,"minecraft:furnace":1,"minecraft:birch_planks":100,"minecraft:stone_axe":1,"minecraft:air":0,"minecraft:shield":1,"minecraft:iron_axe":1,"minecraft:stick":24,"minecraft:iron_ingot":14,"minecraft:iron_pickaxe":2,"minecraft:stone_pickaxe":3,"minecraft:white_bed":1,"minecraft:birch_button":1},"minecraft:mined":{"minecraft:tuff":2,"minecraft:white_bed":2,"minecraft:dandelion":4,"minecraft:clay":2,"minecraft:crafting_table":3,"minecraft:dark_oak_fence":4,"minecraft:granite":11,"minecraft:short_grass":2,"minecraft:grass_block":7,"minecraft:diorite":13,"minecraft:furnace":3,"minecraft:birch_log":65,"minecraft:iron_ore":10,"minecraft:lilac":2,"minecraft:birch_leaves":1,"minecraft:peony":3,"minecraft:coal_ore":18,"minecraft:deepslate_iron_ore":4,"minecraft:dirt":25,"minecraft:gravel":10,"minecraft:stone":147,"minecraft:deepslate":44},"minecraft:picked_up":{"minecraft:birch_log":64,"minecraft:crafting_table":3,"minecraft:lilac":2,"minecraft:clay_ball":8,"minecraft:leather":11,"minecraft:birch_button":1,"minecraft:flint":1,"minecraft:tuff":1,"minecraft:dirt":38,"minecraft:raw_copper":2,"minecraft:iron_axe":1,"minecraft:wheat_seeds":2,"minecraft:cobbled_deepslate":58,"minecraft:iron_ingot":2,"minecraft:beef":27,"minecraft:stone_pickaxe":1,"minecraft:iron_pickaxe":1,"minecraft:light_gray_wool":1,"minecraft:furnace":3,"minecraft:raw_iron":16,"minecraft:dark_oak_slab":1,"minecraft:cooked_porkchop":1,"minecraft:dandelion":3,"minecraft:gravel":9,"minecraft:porkchop":16,"minecraft:diorite":15,"minecraft:white_bed":2,"minecraft:stone_sword":1,"minecraft:cooked_cod":1,"minecraft:peony":2,"minecraft:granite":14,"minecraft:gray_wool":2,"minecraft:dark_oak_fence":1,"minecraft:mutton":9,"minecraft:coal":30,"minecraft:white_wool":4,"minecraft:cobblestone":198},"minecraft:used":{"minecraft:stone_pickaxe":232,"minecraft:wooden_pickaxe":25,"minecraft:birch_boat":2,"minecraft:dirt":34,"minecraft:crafting_table":6,"minecraft:white_bed":2,"minecraft:iron_axe":90,"minecraft:iron_pickaxe":1,"minecraft:stone_axe":11,"minecraft:goat_horn":1,"minecraft:wooden_sword":10,"minecraft:cobblestone":21,"minecraft:cooked_cod":1,"minecraft:furnace":4,"minecraft:cooked_porkchop":5},"minecraft:dropped":{"minecraft:gravel":9,"minecraft:wheat_seeds":2,"minecraft:lilac":2,"minecraft:stone_sword":1,"minecraft:raw_copper":2,"minecraft:dark_oak_slab":1,"minecraft:light_gray_wool":1,"minecraft:flint":1,"minecraft:dark_oak_fence":1,"minecraft:iron_axe":1,"minecraft:birch_button":2,"minecraft:stone_pickaxe":2,"minecraft:wooden_pickaxe":2,"minecraft:iron_pickaxe":1,"minecraft:dandelion":3},"minecraft:killed":{"minecraft:pig":7,"minecraft:spider":1,"minecraft:sheep":8,"minecraft:zombie":3,"minecraft:turtle":1,"minecraft:cow":12},"minecraft:custom":{"minecraft:interact_with_furnace":30,"minecraft:mob_kills":33,"minecraft:interact_with_crafting_table":15,"minecraft:time_since_death":48994,"minecraft:sleep_in_bed":3,"minecraft:time_since_rest":2940,"minecraft:sprint_one_cm":108430,"minecraft:damage_taken":286,"minecraft:walk_one_cm":67998,"minecraft:drop":20,"minecraft:damage_dealt":3809,"minecraft:swim_one_cm":19636,"minecraft:fly_one_cm":144666,"minecraft:open_chest":5,"minecraft:crouch_one_cm":7513,"minecraft:play_time":48994,"minecraft:sneak_time":3357,"minecraft:walk_under_water_one_cm":5295,"minecraft:boat_one_cm":185591,"minecraft:jump":919,"minecraft:walk_on_water_one_cm":6285,"minecraft:total_world_time":48994,"minecraft:fall_one_cm":19598},"minecraft:broken":{"minecraft:stone_pickaxe":1}},"DataVersion":3700}