{"stats":{"minecraft:picked_up":{"minecraft:crafting_table":2,"spartanweaponry:handle":1,"minecraft:salmon":1,"minecraft:andesite":17,"mowziesmobs:glowing_jelly":2,"minecraft:flint":1,"minecraft:oak_log":9,"minecraft:lapis_lazuli":4,"minecraft:string":2,"minecraft:dirt":18,"minecraft:bone":1,"minecraft:apple":1,"minecraft:iron_ore":60,"minecraft:stick":10,"minecraft:torch":11,"minecraft:gravel":6,"minecraft:porkchop":19,"minecraft:diorite":1,"minecraft:redstone":73,"minecraft:gold_ore":4,"minecraft:arrow":2,"minecraft:diamond":3,"minecraft:granite":44,"minecraft:oak_sapling":5,"minecraft:coal":116,"minecraft:cobblestone":455},"minecraft:used":{"minecraft:stone_sword":14,"minecraft:stone_pickaxe":131,"minecraft:shield":8,"minecraft:chest":1,"minecraft:wooden_pickaxe":4,"minecraft:iron_sword":35,"minecraft:cooked_salmon":1,"minecraft:torch":40,"minecraft:dirt":5,"minecraft:crafting_table":3,"minecraft:diamond_pickaxe":33,"minecraft:iron_pickaxe":618,"minecraft:cobblestone":127,"minecraft:furnace":3,"minecraft:cooked_porkchop":6},"minecraft:crafted":{"minecraft:oak_planks":36,"minecraft:cooked_porkchop":11,"minecraft:crafting_table":1,"minecraft:wooden_pickaxe":1,"minecraft:iron_helmet":1,"minecraft:iron_sword":1,"minecraft:furnace":3,"minecraft:cooked_salmon":1,"minecraft:air":0,"minecraft:iron_boots":1,"minecraft:iron_chestplate":1,"minecraft:diamond_pickaxe":1,"minecraft:shield":1,"minecraft:stick":28,"minecraft:iron_ingot":58,"minecraft:iron_pickaxe":4,"minecraft:stone_pickaxe":1,"minecraft:stone_sword":1,"minecraft:chest":1,"minecraft:iron_leggings":1,"minecraft:torch":32,"spartanweaponry:longsword_iron":1},"minecraft:dropped":{"minecraft:cooked_porkchop":1,"minecraft:iron_ore":9,"minecraft:iron_pickaxe":1},"minecraft:mined":{"minecraft:diamond_ore":3,"minecraft:crafting_table":2,"minecraft:torch":2,"minecraft:granite":46,"minecraft:grass_block":3,"minecraft:cobblestone":16,"minecraft:lapis_ore":1,"minecraft:wall_torch":6,"minecraft:redstone_ore":18,"minecraft:iron_ore":59,"minecraft:andesite":17,"minecraft:oak_log":9,"minecraft:coal_ore":116,"minecraft:gravel":7,"minecraft:dirt":7,"minecraft:stone":500,"minecraft:gold_ore":4,"minecraft:oak_leaves":5},"minecraft:broken":{"minecraft:stone_pickaxe":1,"minecraft:iron_pickaxe":2},"minecraft:killed":{"minecraft:pig":9,"minecraft:salmon":2,"minecraft:spider":1,"mowziesmobs:lantern":1,"minecraft:skeleton":3,"goblintraders:goblin_trader":1},"minecraft:custom":{"minecraft:interact_with_furnace":34,"minecraft:mob_kills":17,"minecraft:interact_with_crafting_table":26,"minecraft:play_one_minute":104752,"minecraft:leave_game":1,"minecraft:time_since_death":104752,"minecraft:time_since_rest":104752,"minecraft:sprint_one_cm":81170,"minecraft:damage_taken":427,"minecraft:walk_one_cm":171359,"minecraft:damage_blocked_by_shield":310,"minecraft:drop":11,"minecraft:damage_dealt":2230,"minecraft:swim_one_cm":6157,"minecraft:fly_one_cm":62827,"minecraft:open_chest":14,"minecraft:crouch_one_cm":25070,"minecraft:sneak_time":7735,"minecraft:walk_under_water_one_cm":1301,"minecraft:jump":814,"minecraft:walk_on_water_one_cm":13781,"minecraft:fall_one_cm":7890}},"DataVersion":2586}