{"stats":{"minecraft:crafted":{"minecraft:wooden_sword":1,"minecraft:cobblestone_slab":6,"minecraft:birch_boat":3,"minecraft:furnace":1,"minecraft:bone_meal":18,"minecraft:iron_boots":1,"minecraft:iron_axe":2,"minecraft:spruce_slab":18,"minecraft:iron_hoe":1,"minecraft:stone_pickaxe":3,"minecraft:birch_button":1,"minecraft:cooked_beef":26,"minecraft:cooked_porkchop":15,"minecraft:crafting_table":5,"minecraft:spruce_planks":48,"minecraft:iron_helmet":1,"minecraft:wooden_pickaxe":2,"minecraft:iron_sword":1,"minecraft:bucket":1,"minecraft:birch_planks":100,"minecraft:stone_axe":1,"minecraft:air":0,"minecraft:iron_chestplate":1,"minecraft:shield":1,"minecraft:stick":28,"minecraft:iron_ingot":64,"minecraft:iron_pickaxe":2,"minecraft:birch_trapdoor":10,"minecraft:iron_shovel":1,"minecraft:iron_leggings":1,"minecraft:white_bed":1},"minecraft:mined":{"minecraft:tuff":2,"minecraft:spruce_planks":1,"minecraft:white_bed":8,"minecraft:farmland":1,"minecraft:spruce_trapdoor":19,"minecraft:granite":11,"minecraft:dark_oak_fence":4,"minecraft:grass_block":31,"minecraft:light_gray_bed":2,"minecraft:spruce_leaves":12,"minecraft:composter":1,"minecraft:large_fern":7,"minecraft:furnace":4,"minecraft:iron_ore":14,"minecraft:peony":3,"minecraft:pointed_dripstone":2,"minecraft:potatoes":7,"minecraft:deepslate_iron_ore":4,"minecraft:cobblestone_slab":4,"minecraft:dirt_path":16,"minecraft:stone":205,"minecraft:dandelion":4,"minecraft:clay":2,"minecraft:crafting_table":5,"minecraft:short_grass":7,"minecraft:cobblestone":3,"minecraft:diorite":13,"minecraft:blue_bed":2,"minecraft:seagrass":3,"minecraft:purple_bed":1,"minecraft:birch_log":70,"minecraft:sweet_berry_bush":3,"minecraft:lilac":2,"minecraft:spruce_log":65,"minecraft:birch_leaves":1,"minecraft:oak_log":22,"minecraft:coal_ore":20,"minecraft:gravel":32,"minecraft:dirt":206,"minecraft:oak_leaves":5,"minecraft:deepslate":44},"minecraft:picked_up":{"minecraft:iron_chestplate":1,"minecraft:crafting_table":7,"minecraft:clay_ball":8,"minecraft:birch_button":1,"minecraft:shield":1,"minecraft:iron_axe":2,"minecraft:raw_copper":2,"minecraft:wooden_sword":2,"minecraft:iron_leggings":1,"minecraft:iron_shovel":1,"minecraft:experience_bottle":1,"minecraft:cobbled_deepslate":58,"minecraft:spruce_planks":19,"minecraft:beef":48,"minecraft:cobblestone_slab":7,"minecraft:light_gray_wool":1,"minecraft:iron_nugget":24,"minecraft:poppy":1,"minecraft:iron_pickaxe":3,"minecraft:birch_sapling":1,"minecraft:spruce_trapdoor":19,"minecraft:iron_boots":1,"minecraft:furnace":4,"minecraft:stick":23,"minecraft:raw_iron":20,"minecraft:composter":3,"minecraft:porkchop":16,"minecraft:pointed_dripstone":13,"minecraft:diorite":15,"minecraft:goat_horn":1,"minecraft:arrow":1,"minecraft:stone_sword":1,"minecraft:light_gray_bed":2,"minecraft:cooked_cod":1,"minecraft:peony":2,"minecraft:mutton":18,"minecraft:white_wool":4,"minecraft:cobblestone":386,"minecraft:birch_log":108,"minecraft:lilac":2,"minecraft:cooked_beef":26,"minecraft:water_bucket":1,"minecraft:leather":22,"minecraft:potato":22,"minecraft:filled_map":1,"minecraft:birch_planks":5,"minecraft:flint":5,"minecraft:tuff":1,"minecraft:oak_log":22,"minecraft:lily_pad":2,"minecraft:dirt":368,"minecraft:blue_bed":4,"minecraft:bone":2,"minecraft:apple":1,"minecraft:wheat_seeds":5,"minecraft:iron_ingot":10,"minecraft:grindstone":1,"minecraft:stone_pickaxe":1,"minecraft:iron_sword":2,"minecraft:dark_oak_slab":1,"minecraft:cooked_porkchop":6,"minecraft:sweet_berries":6,"minecraft:dandelion":3,"minecraft:gravel":25,"minecraft:spruce_sapling":22,"minecraft:white_bed":8,"minecraft:spruce_log":63,"minecraft:iron_hoe":1,"minecraft:purple_bed":2,"minecraft:stone_axe":1,"minecraft:iron_helmet":1,"minecraft:granite":14,"minecraft:gray_wool":2,"minecraft:oak_sapling":4,"minecraft:coal":51,"minecraft:dark_oak_fence":1},"minecraft:used":{"minecraft:iron_shovel":227,"minecraft:shield":1,"minecraft:iron_sword":16,"minecraft:dirt":130,"minecraft:iron_hoe":45,"minecraft:iron_axe":242,"minecraft:birch_trapdoor":10,"minecraft:furnace":5,"minecraft:goat_horn":1,"minecraft:cooked_cod":1,"minecraft:cooked_beef":3,"minecraft:potato":29,"minecraft:light_gray_bed":3,"minecraft:pointed_dripstone":9,"minecraft:water_bucket":7,"minecraft:stone_pickaxe":232,"minecraft:birch_boat":3,"minecraft:wooden_pickaxe":25,"minecraft:composter":3,"minecraft:blue_bed":5,"minecraft:cobblestone_slab":5,"minecraft:crafting_table":8,"minecraft:white_bed":9,"minecraft:spruce_log":3,"minecraft:iron_pickaxe":76,"minecraft:spruce_trapdoor":18,"minecraft:spruce_sapling":24,"minecraft:stone_axe":11,"minecraft:wooden_sword":14,"minecraft:cobblestone":35,"minecraft:purple_bed":2,"minecraft:cooked_porkchop":12,"minecraft:bucket":8,"minecraft:bone_meal":12},"minecraft:dropped":{"minecraft:iron_sword":1,"minecraft:wheat_seeds":2,"minecraft:lilac":2,"minecraft:dark_oak_slab":1,"minecraft:flint":1,"minecraft:dark_oak_fence":1,"minecraft:wooden_sword":3,"minecraft:iron_axe":1,"minecraft:iron_pickaxe":1,"minecraft:lily_pad":2,"minecraft:dandelion":3,"minecraft:gravel":9,"minecraft:iron_nugget":16,"minecraft:stone_sword":1,"minecraft:raw_copper":2,"minecraft:light_gray_wool":1,"minecraft:birch_button":2,"minecraft:wooden_pickaxe":2,"minecraft:stone_pickaxe":3},"minecraft:broken":{"minecraft:stone_pickaxe":1,"minecraft:iron_axe":1},"minecraft:killed":{"minecraft:spider":1,"minecraft:skeleton":1,"minecraft:turtle":1,"minecraft:pig":7,"minecraft:iron_golem":1,"minecraft:sheep":8,"minecraft:zombie":4,"minecraft:cow":12},"minecraft:custom":{"minecraft:mob_kills":36,"minecraft:interact_with_crafting_table":27,"minecraft:bell_ring":37,"minecraft:time_since_death":19511,"minecraft:climb_one_cm":182,"minecraft:sprint_one_cm":273790,"minecraft:walk_one_cm":216382,"minecraft:damage_blocked_by_shield":25,"minecraft:drop":29,"minecraft:talked_to_villager":8,"minecraft:deaths":1,"minecraft:play_time":108994,"minecraft:sneak_time":8636,"minecraft:walk_under_water_one_cm":11238,"minecraft:boat_one_cm":225642,"minecraft:jump":1868,"minecraft:walk_on_water_one_cm":13818,"minecraft:total_world_time":108994,"minecraft:interact_with_furnace":44,"minecraft:sleep_in_bed":8,"minecraft:time_since_rest":9084,"minecraft:damage_taken":890,"minecraft:damage_dealt":5393,"minecraft:swim_one_cm":26606,"minecraft:player_kills":1,"minecraft:fly_one_cm":316755,"minecraft:open_chest":35,"minecraft:crouch_one_cm":24447,"minecraft:fall_one_cm":49201}},"DataVersion":3700}