{"stats":{"minecraft:crafted":{"minecraft:wooden_sword":1,"minecraft:crafting_table":4,"minecraft:stick":12,"minecraft:wooden_pickaxe":2,"minecraft:stone_pickaxe":3,"minecraft:furnace":1,"minecraft:birch_button":1,"minecraft:birch_planks":48},"minecraft:mined":{"minecraft:tuff":2,"minecraft:birch_log":12,"minecraft:birch_leaves":1,"minecraft:clay":2,"minecraft:granite":11,"minecraft:short_grass":1,"minecraft:grass_block":6,"minecraft:deepslate_iron_ore":4,"minecraft:gravel":9,"minecraft:dirt":22,"minecraft:stone":125,"minecraft:diorite":12,"minecraft:deepslate":44},"minecraft:picked_up":{"minecraft:birch_log":12,"minecraft:raw_iron":6,"minecraft:clay_ball":8,"minecraft:gravel":8,"minecraft:birch_button":1,"minecraft:flint":1,"minecraft:tuff":1,"minecraft:diorite":14,"minecraft:dirt":35,"minecraft:cobbled_deepslate":58,"minecraft:granite":14,"minecraft:stone_pickaxe":1,"minecraft:cobblestone":176},"minecraft:dropped":{"minecraft:birch_button":2,"minecraft:wooden_pickaxe":1,"minecraft:stone_pickaxe":1},"minecraft:used":{"minecraft:stone_pickaxe":178,"minecraft:wooden_pickaxe":25,"minecraft:wooden_sword":1,"minecraft:dirt":2,"minecraft:cobblestone":3,"minecraft:crafting_table":4,"minecraft:furnace":1},"minecraft:custom":{"minecraft:time_since_rest":12994,"minecraft:interact_with_furnace":1,"minecraft:sprint_one_cm":11985,"minecraft:damage_taken":170,"minecraft:walk_one_cm":24935,"minecraft:drop":4,"minecraft:damage_dealt":50,"minecraft:interact_with_crafting_table":6,"minecraft:fly_one_cm":14856,"minecraft:crouch_one_cm":3377,"minecraft:play_time":12994,"minecraft:sneak_time":1305,"minecraft:jump":201,"minecraft:time_since_death":12994,"minecraft:total_world_time":12994,"minecraft:fall_one_cm":2419},"minecraft:broken":{"minecraft:stone_pickaxe":1}},"DataVersion":3700}