{"stats":{"minecraft:picked_up":{"minecraft:crafting_table":1,"minecraft:stick":1,"minecraft:andesite":9,"minecraft:torch":4,"minecraft:gravel":5,"mowziesmobs:glowing_jelly":2,"minecraft:porkchop":3,"minecraft:flint":1,"minecraft:oak_log":9,"minecraft:redstone":36,"minecraft:dirt":10,"minecraft:string":2,"minecraft:granite":29,"minecraft:iron_ore":27,"minecraft:oak_sapling":5,"minecraft:coal":55,"minecraft:cobblestone":245},"minecraft:used":{"minecraft:stone_sword":14,"minecraft:iron_pickaxe":243,"minecraft:stone_pickaxe":131,"minecraft:chest":1,"minecraft:wooden_pickaxe":4,"minecraft:torch":13,"minecraft:dirt":5,"minecraft:cobblestone":11,"minecraft:crafting_table":2,"minecraft:furnace":1,"minecraft:cooked_porkchop":3},"minecraft:crafted":{"minecraft:oak_planks":36,"minecraft:cooked_porkchop":3,"minecraft:crafting_table":1,"minecraft:stick":16,"minecraft:iron_pickaxe":1,"minecraft:iron_ingot":5,"minecraft:wooden_pickaxe":1,"minecraft:stone_pickaxe":1,"minecraft:stone_sword":1,"minecraft:chest":1,"minecraft:furnace":1,"minecraft:torch":16,"minecraft:air":0},"minecraft:mined":{"minecraft:redstone_ore":8,"minecraft:iron_ore":27,"minecraft:andesite":9,"minecraft:crafting_table":1,"minecraft:granite":29,"minecraft:coal_ore":56,"minecraft:grass_block":3,"minecraft:oak_log":9,"minecraft:gravel":6,"minecraft:dirt":7,"minecraft:stone":246,"minecraft:oak_leaves":5,"minecraft:wall_torch":4},"minecraft:broken":{"minecraft:stone_pickaxe":1},"minecraft:killed":{"mowziesmobs:lantern":1,"minecraft:skeleton":1,"minecraft:pig":1,"minecraft:spider":1},"minecraft:custom":{"minecraft:time_since_rest":26446,"minecraft:interact_with_furnace":9,"minecraft:sprint_one_cm":25010,"minecraft:damage_taken":190,"minecraft:walk_one_cm":58210,"minecraft:mob_kills":4,"minecraft:damage_dealt":500,"minecraft:swim_one_cm":3384,"minecraft:interact_with_crafting_table":7,"minecraft:fly_one_cm":21044,"minecraft:open_chest":10,"minecraft:crouch_one_cm":7287,"minecraft:play_one_minute":26446,"minecraft:sneak_time":3199,"minecraft:walk_under_water_one_cm":664,"minecraft:jump":253,"minecraft:walk_on_water_one_cm":2293,"minecraft:time_since_death":26446,"minecraft:fall_one_cm":4275}},"DataVersion":2586}