{"stats":{"minecraft:crafted":{"minecraft:cooked_beef":5,"minecraft:wooden_sword":1,"minecraft:cobblestone_slab":6,"minecraft:cooked_porkchop":6,"minecraft:crafting_table":5,"minecraft:wooden_pickaxe":2,"minecraft:birch_boat":3,"minecraft:furnace":1,"minecraft:bone_meal":12,"minecraft:bucket":1,"minecraft:birch_planks":100,"minecraft:stone_axe":1,"minecraft:air":0,"minecraft:shield":1,"minecraft:iron_axe":1,"minecraft:iron_hoe":1,"minecraft:stick":24,"minecraft:iron_ingot":14,"minecraft:iron_pickaxe":2,"minecraft:stone_pickaxe":3,"minecraft:birch_trapdoor":10,"minecraft:iron_shovel":1,"minecraft:white_bed":1,"minecraft:birch_button":1},"minecraft:mined":{"minecraft:tuff":2,"minecraft:white_bed":3,"minecraft:dandelion":4,"minecraft:clay":2,"minecraft:crafting_table":5,"minecraft:spruce_trapdoor":10,"minecraft:dark_oak_fence":4,"minecraft:granite":11,"minecraft:short_grass":2,"minecraft:grass_block":29,"minecraft:composter":1,"minecraft:diorite":13,"minecraft:blue_bed":2,"minecraft:purple_bed":1,"minecraft:furnace":4,"minecraft:sweet_berry_bush":3,"minecraft:birch_log":65,"minecraft:iron_ore":14,"minecraft:lilac":2,"minecraft:birch_leaves":1,"minecraft:peony":3,"minecraft:potatoes":6,"minecraft:dirt_path":13,"minecraft:coal_ore":18,"minecraft:deepslate_iron_ore":4,"minecraft:dirt":184,"minecraft:gravel":10,"minecraft:stone":196,"minecraft:deepslate":44},"minecraft:picked_up":{"minecraft:birch_log":64,"minecraft:crafting_table":5,"minecraft:cooked_beef":1,"minecraft:lilac":2,"minecraft:clay_ball":8,"minecraft:leather":11,"minecraft:potato":20,"minecraft:birch_button":1,"minecraft:flint":1,"minecraft:tuff":1,"minecraft:lily_pad":2,"minecraft:blue_bed":2,"minecraft:dirt":229,"minecraft:raw_copper":2,"minecraft:iron_axe":1,"minecraft:wheat_seeds":2,"minecraft:cobbled_deepslate":58,"minecraft:grindstone":1,"minecraft:iron_ingot":2,"minecraft:beef":48,"minecraft:stone_pickaxe":1,"minecraft:iron_nugget":24,"minecraft:iron_pickaxe":1,"minecraft:light_gray_wool":1,"minecraft:spruce_trapdoor":10,"minecraft:furnace":4,"minecraft:raw_iron":20,"minecraft:dark_oak_slab":1,"minecraft:cooked_porkchop":1,"minecraft:sweet_berries":6,"minecraft:composter":3,"minecraft:dandelion":3,"minecraft:gravel":9,"minecraft:porkchop":16,"minecraft:diorite":15,"minecraft:white_bed":3,"minecraft:purple_bed":1,"minecraft:stone_sword":1,"minecraft:cooked_cod":1,"minecraft:peony":2,"minecraft:granite":14,"minecraft:gray_wool":2,"minecraft:dark_oak_fence":1,"minecraft:mutton":9,"minecraft:coal":49,"minecraft:white_wool":4,"minecraft:cobblestone":247},"minecraft:used":{"minecraft:water_bucket":2,"minecraft:iron_shovel":186,"minecraft:stone_pickaxe":232,"minecraft:wooden_pickaxe":25,"minecraft:birch_boat":3,"minecraft:composter":3,"minecraft:cobblestone_slab":1,"minecraft:blue_bed":3,"minecraft:dirt":106,"minecraft:crafting_table":8,"minecraft:white_bed":4,"minecraft:iron_hoe":40,"minecraft:iron_axe":103,"minecraft:iron_pickaxe":56,"minecraft:spruce_trapdoor":5,"minecraft:purple_bed":1,"minecraft:birch_trapdoor":10,"minecraft:stone_axe":11,"minecraft:goat_horn":1,"minecraft:wooden_sword":14,"minecraft:cobblestone":33,"minecraft:cooked_cod":1,"minecraft:furnace":4,"minecraft:cooked_porkchop":7,"minecraft:bucket":3,"minecraft:potato":27,"minecraft:cooked_beef":2,"minecraft:light_gray_bed":1,"minecraft:bone_meal":12},"minecraft:dropped":{"minecraft:gravel":9,"minecraft:wheat_seeds":2,"minecraft:iron_nugget":16,"minecraft:lilac":2,"minecraft:stone_sword":1,"minecraft:raw_copper":2,"minecraft:dark_oak_slab":1,"minecraft:light_gray_wool":1,"minecraft:flint":1,"minecraft:dark_oak_fence":1,"minecraft:iron_axe":1,"minecraft:birch_button":2,"minecraft:stone_pickaxe":3,"minecraft:wooden_pickaxe":2,"minecraft:iron_pickaxe":1,"minecraft:lily_pad":2,"minecraft:dandelion":3},"minecraft:killed":{"minecraft:pig":7,"minecraft:spider":1,"minecraft:sheep":8,"minecraft:zombie":3,"minecraft:turtle":1,"minecraft:cow":12},"minecraft:custom":{"minecraft:interact_with_furnace":32,"minecraft:mob_kills":33,"minecraft:interact_with_crafting_table":21,"minecraft:bell_ring":10,"minecraft:time_since_death":72994,"minecraft:sleep_in_bed":6,"minecraft:climb_one_cm":182,"minecraft:time_since_rest":93,"minecraft:sprint_one_cm":176541,"minecraft:damage_taken":436,"minecraft:walk_one_cm":126513,"minecraft:drop":25,"minecraft:damage_dealt":3809,"minecraft:swim_one_cm":22444,"minecraft:fly_one_cm":264460,"minecraft:open_chest":14,"minecraft:crouch_one_cm":13304,"minecraft:play_time":72994,"minecraft:sneak_time":4767,"minecraft:walk_under_water_one_cm":5745,"minecraft:boat_one_cm":225642,"minecraft:jump":1452,"minecraft:walk_on_water_one_cm":8045,"minecraft:total_world_time":72994,"minecraft:fall_one_cm":35863},"minecraft:broken":{"minecraft:stone_pickaxe":1}},"DataVersion":3700}