{"stats":{"minecraft:custom":{"minecraft:mob_kills":63,"minecraft:interact_with_crafting_table":37,"minecraft:bell_ring":250,"minecraft:leave_game":1,"minecraft:time_since_death":143912,"minecraft:climb_one_cm":1248,"minecraft:sprint_one_cm":665448,"minecraft:walk_one_cm":547839,"minecraft:damage_blocked_by_shield":899,"minecraft:drop":109,"minecraft:talked_to_villager":48,"minecraft:play_time":233395,"minecraft:sneak_time":25908,"minecraft:deaths":1,"minecraft:walk_under_water_one_cm":42555,"minecraft:boat_one_cm":278049,"minecraft:jump":3959,"minecraft:walk_on_water_one_cm":30445,"minecraft:total_world_time":233395,"minecraft:interact_with_furnace":48,"minecraft:traded_with_villager":99,"minecraft:sleep_in_bed":14,"minecraft:time_since_rest":38154,"minecraft:damage_taken":2944,"minecraft:damage_dealt":11820,"minecraft:swim_one_cm":47987,"minecraft:player_kills":1,"minecraft:fly_one_cm":707475,"minecraft:open_chest":71,"minecraft:crouch_one_cm":81055,"minecraft:fall_one_cm":99776},"minecraft:mined":{"minecraft:tuff":2,"minecraft:spruce_planks":1,"minecraft:white_bed":9,"minecraft:farmland":2,"minecraft:spruce_trapdoor":19,"minecraft:granite":23,"minecraft:dark_oak_fence":4,"minecraft:grass_block":78,"minecraft:light_gray_bed":3,"minecraft:spruce_leaves":12,"minecraft:composter":3,"minecraft:large_fern":7,"minecraft:furnace":4,"minecraft:iron_ore":14,"minecraft:peony":3,"minecraft:bell":6,"minecraft:rail":60,"minecraft:pointed_dripstone":2,"minecraft:potatoes":13,"minecraft:deepslate_iron_ore":12,"minecraft:cobblestone_slab":6,"minecraft:dirt_path":23,"minecraft:stone":337,"minecraft:orange_bed":5,"minecraft:glass_pane":3,"minecraft:red_bed":1,"minecraft:dandelion":4,"minecraft:clay":2,"minecraft:crafting_table":7,"minecraft:torch":1,"minecraft:short_grass":65,"minecraft:poppy":1,"minecraft:tall_grass":17,"minecraft:copper_ore":4,"minecraft:cobblestone":34,"minecraft:diorite":16,"minecraft:blue_bed":2,"minecraft:seagrass":3,"minecraft:purple_bed":1,"minecraft:cobblestone_wall":15,"minecraft:birch_log":70,"minecraft:sweet_berry_bush":3,"minecraft:birch_trapdoor":3,"minecraft:lilac":2,"minecraft:spruce_log":270,"minecraft:birch_leaves":1,"minecraft:oak_log":22,"minecraft:coal_ore":36,"minecraft:acacia_fence":1,"minecraft:dripstone_block":3,"minecraft:gravel":32,"minecraft:dirt":345,"minecraft:oak_leaves":5,"minecraft:deepslate":75},"minecraft:crafted":{"minecraft:wooden_sword":1,"minecraft:cobblestone_slab":18,"minecraft:stone_shovel":10,"minecraft:birch_boat":3,"minecraft:furnace":1,"minecraft:bone_meal":27,"minecraft:iron_boots":1,"minecraft:iron_axe":2,"minecraft:iron_hoe":1,"minecraft:spruce_slab":18,"minecraft:stone_pickaxe":3,"minecraft:cobblestone_wall":60,"minecraft:rail":48,"minecraft:birch_button":1,"minecraft:birch_sign":3,"minecraft:minecart":2,"minecraft:cooked_beef":26,"minecraft:emerald":67,"minecraft:cooked_porkchop":15,"minecraft:crafting_table":5,"minecraft:spruce_planks":1116,"minecraft:iron_helmet":1,"minecraft:wooden_pickaxe":2,"minecraft:iron_sword":1,"minecraft:fletching_table":2,"minecraft:birch_planks":372,"minecraft:bucket":1,"minecraft:stone_axe":1,"minecraft:bread":132,"minecraft:air":0,"minecraft:spruce_trapdoor":4,"minecraft:iron_chestplate":1,"minecraft:shield":1,"minecraft:stick":2550,"minecraft:iron_ingot":64,"minecraft:iron_pickaxe":2,"minecraft:birch_trapdoor":26,"minecraft:iron_shovel":2,"minecraft:iron_leggings":1,"minecraft:white_bed":1,"minecraft:torch":8},"minecraft:used":{"minecraft:iron_shovel":406,"minecraft:shield":19,"minecraft:iron_sword":129,"minecraft:bell":6,"minecraft:orange_bed":4,"minecraft:torch":1,"minecraft:dirt":229,"minecraft:cobblestone_wall":59,"minecraft:spruce_boat":2,"minecraft:iron_hoe":47,"minecraft:iron_axe":453,"minecraft:birch_trapdoor":29,"minecraft:bow":2,"minecraft:goat_horn":1,"minecraft:furnace":5,"minecraft:cooked_cod":1,"minecraft:minecart":7,"minecraft:cooked_beef":27,"minecraft:potato":51,"minecraft:light_gray_bed":3,"minecraft:pointed_dripstone":9,"minecraft:water_bucket":42,"minecraft:birch_planks":3,"minecraft:stone_pickaxe":232,"minecraft:wooden_pickaxe":25,"minecraft:birch_boat":3,"minecraft:composter":3,"minecraft:cobblestone_slab":12,"minecraft:blue_bed":5,"minecraft:fletching_table":1,"minecraft:rail":91,"minecraft:birch_sign":3,"minecraft:crafting_table":9,"minecraft:white_bed":10,"minecraft:spruce_log":3,"minecraft:bread":5,"minecraft:iron_pickaxe":400,"minecraft:spruce_trapdoor":23,"minecraft:spruce_sapling":28,"minecraft:stone_axe":11,"minecraft:wooden_sword":14,"minecraft:cobblestone":143,"minecraft:purple_bed":2,"minecraft:cooked_porkchop":16,"minecraft:smithing_table":1,"minecraft:bucket":43,"minecraft:bone_meal":18},"minecraft:dropped":{"minecraft:bread":102,"minecraft:iron_sword":1,"minecraft:short_grass":2,"minecraft:wheat_seeds":23,"minecraft:oak_log":22,"minecraft:lilac":2,"minecraft:minecart":1,"minecraft:poisonous_potato":2,"minecraft:dark_oak_slab":1,"minecraft:cobblestone":1,"minecraft:rail":20,"minecraft:stick":696,"minecraft:flint":1,"minecraft:dirt":5,"minecraft:dark_oak_fence":1,"minecraft:bone_meal":9,"minecraft:wooden_sword":3,"minecraft:iron_axe":1,"minecraft:orange_bed":1,"minecraft:iron_pickaxe":2,"minecraft:string":1,"minecraft:lily_pad":8,"minecraft:dandelion":3,"minecraft:gravel":25,"minecraft:iron_nugget":16,"minecraft:stone_sword":1,"minecraft:raw_copper":13,"minecraft:stone_shovel":17,"minecraft:tall_grass":2,"minecraft:rotten_flesh":10,"minecraft:light_gray_wool":1,"minecraft:poppy":8,"minecraft:potato":3,"minecraft:oak_sapling":3,"minecraft:spider_eye":1,"minecraft:arrow":5,"minecraft:spruce_log":140,"minecraft:birch_button":2,"minecraft:wooden_pickaxe":2,"minecraft:stone_pickaxe":3},"minecraft:broken":{"minecraft:iron_shovel":1,"minecraft:stone_pickaxe":1,"minecraft:iron_axe":2,"minecraft:iron_pickaxe":1},"minecraft:killed":{"minecraft:spider":3,"minecraft:skeleton":9,"minecraft:turtle":1,"minecraft:pig":7,"minecraft:iron_golem":3,"minecraft:creeper":1,"minecraft:sheep":8,"minecraft:zombie":16,"minecraft:villager":2,"minecraft:cow":12},"minecraft:picked_up":{"minecraft:crafting_table":8,"minecraft:iron_chestplate":1,"minecraft:clay_ball":8,"minecraft:smithing_table":1,"minecraft:birch_button":1,"minecraft:shield":1,"minecraft:string":2,"minecraft:iron_axe":3,"minecraft:raw_copper":13,"minecraft:wooden_sword":2,"minecraft:iron_leggings":1,"minecraft:iron_shovel":1,"minecraft:experience_bottle":1,"minecraft:cobbled_deepslate":89,"minecraft:spruce_planks":19,"minecraft:beef":48,"minecraft:cobblestone_slab":7,"minecraft:light_gray_wool":1,"minecraft:iron_nugget":24,"minecraft:poppy":11,"minecraft:iron_pickaxe":4,"minecraft:minecart":7,"minecraft:birch_sapling":1,"minecraft:egg":2,"minecraft:spruce_trapdoor":19,"minecraft:furnace":4,"minecraft:iron_boots":1,"minecraft:stick":414,"minecraft:raw_iron":28,"minecraft:acacia_fence":1,"minecraft:composter":5,"minecraft:birch_trapdoor":3,"minecraft:torch":3,"minecraft:porkchop":16,"minecraft:pointed_dripstone":13,"minecraft:diorite":18,"minecraft:rotten_flesh":18,"minecraft:goat_horn":1,"minecraft:orange_bed":5,"minecraft:stone_shovel":7,"minecraft:stone_sword":1,"minecraft:arrow":13,"minecraft:light_gray_bed":3,"minecraft:cooked_cod":1,"minecraft:peony":2,"minecraft:rail":63,"minecraft:mutton":18,"minecraft:white_wool":4,"minecraft:cobblestone":540,"minecraft:birch_log":108,"minecraft:feather":2,"minecraft:cooked_beef":26,"minecraft:lilac":2,"minecraft:water_bucket":1,"minecraft:leather":22,"minecraft:potato":48,"minecraft:filled_map":1,"minecraft:birch_planks":5,"minecraft:flint":5,"minecraft:tuff":1,"minecraft:oak_log":22,"minecraft:lily_pad":8,"minecraft:cobblestone_wall":12,"minecraft:dirt":534,"minecraft:blue_bed":4,"minecraft:bone":12,"minecraft:apple":1,"minecraft:bow":1,"minecraft:wheat_seeds":28,"minecraft:bell":6,"minecraft:grindstone":1,"minecraft:iron_ingot":14,"minecraft:stone_pickaxe":1,"minecraft:iron_sword":2,"minecraft:dark_oak_slab":1,"minecraft:cooked_porkchop":6,"minecraft:sweet_berries":6,"minecraft:dandelion":3,"minecraft:poisonous_potato":2,"minecraft:gravel":41,"minecraft:spruce_sapling":41,"minecraft:white_bed":9,"minecraft:spruce_log":266,"minecraft:spider_eye":1,"minecraft:iron_hoe":1,"minecraft:purple_bed":2,"minecraft:spruce_boat":3,"minecraft:stone_axe":1,"minecraft:short_grass":2,"minecraft:iron_helmet":1,"minecraft:granite":26,"minecraft:gray_wool":2,"minecraft:oak_sapling":4,"minecraft:dark_oak_fence":1,"minecraft:coal":67}},"DataVersion":3700}