{"stats":{"minecraft:picked_up":{"minecraft:birch_log":5,"minecraft:crafting_table":1,"minecraft:cooked_porkchop":1,"minecraft:leather":6,"minecraft:oak_log":5,"minecraft:gunpowder":2,"minecraft:redstone":15,"minecraft:lapis_lazuli":4,"minecraft:arrow":2,"minecraft:bone":2,"minecraft:rotten_flesh":4,"minecraft:beef":8,"minecraft:granite":1,"minecraft:iron_ore":42,"minecraft:iron_pickaxe":1,"minecraft:coal":115,"minecraft:cobblestone":82,"minecraft:furnace":1},"minecraft:used":{"minecraft:stone_sword":32,"minecraft:iron_pickaxe":212,"spartanweaponry:greatsword_iron":2,"minecraft:shield":2,"minecraft:rotten_flesh":3,"minecraft:stone_axe":4,"minecraft:cobblestone":51,"minecraft:beef":8,"minecraft:crafting_table":2,"minecraft:furnace":1,"minecraft:granite":1},"minecraft:crafted":{"minecraft:oak_planks":20,"minecraft:iron_chestplate":1,"minecraft:shield":1,"minecraft:crafting_table":1,"minecraft:stick":24,"minecraft:iron_ingot":18,"minecraft:stone_sword":1,"minecraft:iron_sword":1,"spartanweaponry:handle":4,"minecraft:furnace":1,"spartanweaponry:greatsword_iron":1,"minecraft:birch_planks":20,"minecraft:stone_axe":1,"minecraft:air":0},"minecraft:dropped":{"spartanweaponry:handle":1},"minecraft:mined":{"minecraft:redstone_ore":3,"minecraft:furnace":1,"minecraft:birch_log":5,"minecraft:iron_ore":35,"minecraft:birch_leaves":1,"minecraft:crafting_table":1,"minecraft:granite":1,"minecraft:coal_ore":92,"minecraft:oak_log":5,"minecraft:cobblestone":11,"minecraft:lapis_ore":1,"minecraft:stone":68},"minecraft:killed":{"minecraft:skeleton":2,"minecraft:zombie":3,"minecraft:creeper":1,"minecraft:cow":4},"minecraft:custom":{"minecraft:time_since_rest":24385,"minecraft:interact_with_furnace":11,"minecraft:sprint_one_cm":42359,"minecraft:damage_taken":310,"minecraft:walk_one_cm":64421,"minecraft:damage_blocked_by_shield":80,"minecraft:mob_kills":10,"minecraft:drop":1,"minecraft:damage_dealt":1787,"minecraft:swim_one_cm":7725,"minecraft:interact_with_crafting_table":13,"minecraft:fly_one_cm":30032,"minecraft:open_chest":1,"minecraft:crouch_one_cm":8473,"minecraft:play_one_minute":24385,"minecraft:sneak_time":2456,"minecraft:walk_under_water_one_cm":1860,"minecraft:jump":253,"minecraft:time_since_death":24385,"minecraft:walk_on_water_one_cm":15492,"minecraft:fall_one_cm":4020}},"DataVersion":2586}