{"stats":{"minecraft:crafted":{"minecraft:cooked_cod":5,"minecraft:cooked_porkchop":1,"minecraft:stick":8,"minecraft:stone_pickaxe":2,"minecraft:stone_sword":1,"minecraft:furnace":1,"minecraft:birch_planks":32,"minecraft:stone_axe":1,"minecraft:air":0},"minecraft:mined":{"minecraft:furnace":1,"minecraft:deepslate_diamond_ore":1,"minecraft:birch_log":36,"minecraft:crafting_table":2,"minecraft:granite":15,"minecraft:short_grass":2,"minecraft:grass_block":1,"minecraft:coal_ore":12,"minecraft:deepslate_iron_ore":4,"minecraft:dirt":15,"minecraft:gravel":1,"minecraft:copper_ore":1,"minecraft:cobblestone":1,"minecraft:stone":125,"minecraft:diorite":5,"minecraft:deepslate":55},"minecraft:picked_up":{"minecraft:birch_log":37,"minecraft:stick":2,"minecraft:raw_iron":2,"minecraft:crafting_table":2,"minecraft:wooden_pickaxe":1,"minecraft:gravel":1,"minecraft:porkchop":1,"minecraft:tuff":1,"minecraft:diorite":3,"minecraft:dirt":9,"minecraft:raw_copper":2,"minecraft:stone_sword":1,"minecraft:bone":4,"minecraft:arrow":4,"minecraft:rotten_flesh":2,"minecraft:diamond":1,"minecraft:cobbled_deepslate":41,"minecraft:iron_ingot":2,"minecraft:granite":12,"minecraft:bone_meal":1,"minecraft:iron_pickaxe":1,"minecraft:coal":17,"minecraft:birch_sapling":6,"minecraft:cod":6,"minecraft:cobblestone":75,"minecraft:furnace":1},"minecraft:dropped":{"minecraft:stone_sword":1,"minecraft:raw_copper":2,"minecraft:cooked_cod":1,"minecraft:wooden_pickaxe":1},"minecraft:used":{"minecraft:diorite":2,"minecraft:stone_sword":35,"minecraft:stone_pickaxe":191,"minecraft:iron_pickaxe":6,"minecraft:wooden_pickaxe":33,"minecraft:gravel":1,"minecraft:stone_axe":29,"minecraft:dirt":9,"minecraft:cobblestone":1,"minecraft:crafting_table":1,"minecraft:furnace":1,"minecraft:cooked_cod":4,"minecraft:cod":1,"minecraft:cobbled_deepslate":6},"minecraft:killed":{"minecraft:skeleton":2,"minecraft:pig":1,"minecraft:zombie":1,"minecraft:turtle":1,"minecraft:cod":8},"minecraft:custom":{"minecraft:time_since_rest":23474,"minecraft:interact_with_furnace":10,"minecraft:sprint_one_cm":37567,"minecraft:damage_taken":165,"minecraft:walk_one_cm":43896,"minecraft:mob_kills":13,"minecraft:drop":5,"minecraft:damage_dealt":1359,"minecraft:swim_one_cm":18373,"minecraft:interact_with_crafting_table":4,"minecraft:fly_one_cm":22613,"minecraft:crouch_one_cm":4346,"minecraft:play_time":23474,"minecraft:sneak_time":2254,"minecraft:walk_under_water_one_cm":16566,"minecraft:boat_one_cm":42259,"minecraft:jump":412,"minecraft:walk_on_water_one_cm":6509,"minecraft:time_since_death":23474,"minecraft:total_world_time":23474,"minecraft:fall_one_cm":4333},"minecraft:broken":{"minecraft:stone_pickaxe":1}},"DataVersion":3700}