{"stats":{"minecraft:crafted":{"minecraft:cooked_beef":9,"minecraft:cooked_cod":5,"minecraft:cooked_porkchop":3,"minecraft:crafting_table":1,"minecraft:iron_sword":1,"minecraft:furnace":1,"minecraft:light_gray_wool":3,"minecraft:bucket":1,"minecraft:birch_planks":36,"minecraft:stone_axe":1,"minecraft:air":0,"minecraft:light_gray_bed":1,"minecraft:shield":1,"minecraft:iron_axe":1,"minecraft:stick":12,"minecraft:iron_ingot":7,"minecraft:iron_pickaxe":1,"minecraft:stone_pickaxe":2,"minecraft:stone_sword":1,"minecraft:chest":2,"minecraft:light_gray_dye":3},"minecraft:mined":{"minecraft:mossy_cobblestone":1,"minecraft:deepslate_diamond_ore":1,"minecraft:crafting_table":3,"minecraft:granite":16,"minecraft:short_grass":5,"minecraft:grass_block":2,"minecraft:chest":1,"minecraft:light_gray_bed":3,"minecraft:tall_grass":3,"minecraft:cobblestone":1,"minecraft:copper_ore":1,"minecraft:grindstone":1,"minecraft:oxeye_daisy":3,"minecraft:diorite":5,"minecraft:blue_bed":1,"minecraft:purple_bed":1,"minecraft:tall_seagrass":1,"minecraft:dark_oak_slab":1,"minecraft:furnace":3,"minecraft:sweet_berry_bush":1,"minecraft:birch_log":36,"minecraft:iron_ore":3,"minecraft:andesite":1,"minecraft:bell":1,"minecraft:coal_ore":50,"minecraft:deepslate_iron_ore":4,"minecraft:sunflower":2,"minecraft:gravel":1,"minecraft:dirt":15,"minecraft:stone":130,"minecraft:deepslate":55},"minecraft:picked_up":{"minecraft:birch_log":37,"minecraft:seagrass":2,"minecraft:crafting_table":3,"minecraft:leather":13,"minecraft:brown_wool":1,"minecraft:wooden_pickaxe":1,"minecraft:tuff":1,"minecraft:lapis_lazuli":2,"minecraft:blue_bed":1,"minecraft:dirt":10,"minecraft:raw_copper":2,"minecraft:bone":4,"minecraft:wheat_seeds":1,"minecraft:cobbled_deepslate":41,"minecraft:bell":1,"minecraft:beef":35,"minecraft:iron_ingot":9,"minecraft:iron_nugget":34,"minecraft:iron_pickaxe":1,"minecraft:chest":1,"minecraft:birch_sapling":6,"minecraft:furnace":3,"minecraft:raw_iron":5,"minecraft:stick":2,"minecraft:sweet_berries":9,"minecraft:dandelion":4,"minecraft:gravel":1,"minecraft:porkchop":3,"minecraft:diorite":3,"minecraft:mossy_cobblestone":1,"minecraft:light_gray_bed":3,"minecraft:stone_sword":1,"minecraft:arrow":4,"minecraft:rotten_flesh":4,"minecraft:diamond":2,"minecraft:granite":13,"minecraft:bone_meal":1,"minecraft:gold_ingot":4,"minecraft:emerald":5,"minecraft:mutton":5,"minecraft:cod":6,"minecraft:coal":120,"minecraft:sunflower":4,"minecraft:white_wool":2,"minecraft:cobblestone":80,"minecraft:oxeye_daisy":3},"minecraft:dropped":{"minecraft:stone_axe":1,"minecraft:sweet_berries":2,"minecraft:wheat_seeds":1,"minecraft:iron_nugget":15,"minecraft:stone_sword":2,"minecraft:raw_copper":2,"minecraft:bowl":1,"minecraft:tuff":1,"minecraft:birch_sapling":6,"minecraft:diorite":1,"minecraft:cooked_cod":1,"minecraft:sunflower":2,"minecraft:iron_pickaxe":1,"minecraft:stone_pickaxe":1,"minecraft:wooden_pickaxe":1},"minecraft:used":{"minecraft:moss_block":7,"minecraft:water_bucket":2,"minecraft:diorite":2,"minecraft:stone_sword":67,"minecraft:stone_pickaxe":192,"minecraft:chest":2,"minecraft:wooden_pickaxe":33,"minecraft:iron_sword":3,"minecraft:iron_chestplate":1,"minecraft:mossy_cobblestone":1,"minecraft:dirt":10,"minecraft:crafting_table":4,"minecraft:cod":1,"minecraft:sunflower":2,"minecraft:iron_axe":18,"minecraft:suspicious_stew":1,"minecraft:iron_pickaxe":60,"minecraft:iron_boots":1,"minecraft:gravel":1,"minecraft:stone_axe":30,"minecraft:cobblestone":1,"minecraft:cooked_porkchop":3,"minecraft:furnace":4,"minecraft:cooked_cod":4,"minecraft:bucket":3,"minecraft:pumpkin_pie":1,"minecraft:iron_leggings":1,"minecraft:cooked_beef":2,"minecraft:dandelion":4,"minecraft:cobbled_deepslate":9,"minecraft:light_gray_bed":3},"minecraft:killed":{"minecraft:pig":3,"minecraft:cod":8,"minecraft:sheep":2,"minecraft:skeleton":2,"minecraft:zombie":1,"minecraft:turtle":3,"minecraft:cow":12},"minecraft:custom":{"minecraft:interact_with_furnace":35,"minecraft:mob_kills":31,"minecraft:interact_with_crafting_table":10,"minecraft:time_since_death":59474,"minecraft:sleep_in_bed":3,"minecraft:climb_one_cm":84,"minecraft:time_since_rest":2225,"minecraft:sprint_one_cm":172728,"minecraft:damage_taken":535,"minecraft:walk_one_cm":85025,"minecraft:drop":19,"minecraft:damage_dealt":3440,"minecraft:talked_to_villager":1,"minecraft:swim_one_cm":46893,"minecraft:fly_one_cm":240016,"minecraft:open_chest":23,"minecraft:crouch_one_cm":8376,"minecraft:play_time":59474,"minecraft:sneak_time":4026,"minecraft:walk_under_water_one_cm":28278,"minecraft:boat_one_cm":219272,"minecraft:jump":1304,"minecraft:walk_on_water_one_cm":16203,"minecraft:total_world_time":59474,"minecraft:fall_one_cm":31226},"minecraft:broken":{"minecraft:stone_pickaxe":1}},"DataVersion":3700}