{"stats":{"minecraft:crafted":{"minecraft:furnace":1,"minecraft:light_gray_wool":3,"minecraft:iron_axe":1,"minecraft:stone_pickaxe":2,"minecraft:chest":2,"minecraft:dark_oak_planks":20,"minecraft:cooked_beef":22,"minecraft:cooked_cod":5,"minecraft:cooked_porkchop":3,"minecraft:crafting_table":1,"minecraft:iron_sword":1,"minecraft:birch_planks":36,"minecraft:bucket":1,"minecraft:stone_axe":1,"minecraft:air":0,"minecraft:light_gray_bed":1,"minecraft:dark_oak_slab":36,"minecraft:shield":1,"minecraft:stick":12,"minecraft:iron_ingot":10,"minecraft:iron_pickaxe":1,"minecraft:stone_sword":1,"minecraft:light_gray_dye":3,"minecraft:composter":2},"minecraft:mined":{"minecraft:mossy_cobblestone":1,"minecraft:deepslate_diamond_ore":1,"minecraft:granite":16,"minecraft:grass_block":3,"minecraft:light_gray_bed":3,"minecraft:cartography_table":1,"minecraft:oxeye_daisy":3,"minecraft:tall_seagrass":1,"minecraft:furnace":3,"minecraft:iron_ore":6,"minecraft:andesite":1,"minecraft:bell":1,"minecraft:deepslate_iron_ore":4,"minecraft:potted_spruce_sapling":1,"minecraft:stone":130,"minecraft:crafting_table":3,"minecraft:short_grass":5,"minecraft:emerald_ore":2,"minecraft:chest":2,"minecraft:copper_ore":1,"minecraft:tall_grass":3,"minecraft:cobblestone":1,"minecraft:grindstone":3,"minecraft:diorite":5,"minecraft:blue_bed":1,"minecraft:purple_bed":1,"minecraft:dark_oak_slab":1,"minecraft:birch_log":36,"minecraft:sweet_berry_bush":4,"minecraft:coal_ore":73,"minecraft:dirt":19,"minecraft:sunflower":2,"minecraft:gravel":1,"minecraft:stonecutter":1,"minecraft:deepslate":55},"minecraft:picked_up":{"minecraft:seagrass":2,"minecraft:crafting_table":3,"minecraft:flower_pot":1,"minecraft:wooden_pickaxe":1,"minecraft:raw_copper":2,"minecraft:cartography_table":1,"minecraft:cobbled_deepslate":41,"minecraft:beef":35,"minecraft:iron_nugget":34,"minecraft:iron_pickaxe":1,"minecraft:chest":2,"minecraft:birch_sapling":6,"minecraft:egg":3,"minecraft:iron_boots":1,"minecraft:furnace":3,"minecraft:stick":2,"minecraft:raw_iron":8,"minecraft:composter":2,"minecraft:porkchop":3,"minecraft:diorite":3,"minecraft:rotten_flesh":4,"minecraft:stone_sword":1,"minecraft:arrow":4,"minecraft:light_gray_bed":3,"minecraft:gold_ingot":4,"minecraft:mutton":5,"minecraft:cod":6,"minecraft:white_wool":2,"minecraft:cobblestone":80,"minecraft:oxeye_daisy":3,"minecraft:birch_log":37,"minecraft:brown_wool":1,"minecraft:leather":13,"minecraft:tuff":1,"minecraft:lapis_lazuli":2,"minecraft:dirt":18,"minecraft:blue_bed":1,"minecraft:bone":4,"minecraft:apple":2,"minecraft:stonecutter":1,"minecraft:wheat_seeds":1,"minecraft:bell":1,"minecraft:iron_ingot":9,"minecraft:grindstone":3,"minecraft:iron_sword":1,"minecraft:sweet_berries":16,"minecraft:dandelion":4,"minecraft:gravel":1,"minecraft:spruce_sapling":1,"minecraft:mossy_cobblestone":1,"minecraft:diamond":2,"minecraft:granite":13,"minecraft:bone_meal":1,"minecraft:emerald":7,"minecraft:bread":2,"minecraft:coal":143,"minecraft:sunflower":4},"minecraft:dropped":{"minecraft:wheat_seeds":1,"minecraft:diorite":1,"minecraft:cooked_cod":1,"minecraft:sunflower":2,"minecraft:iron_pickaxe":1,"minecraft:stone_axe":1,"minecraft:sweet_berries":2,"minecraft:iron_nugget":15,"minecraft:stone_sword":2,"minecraft:raw_copper":2,"minecraft:bowl":1,"minecraft:tuff":1,"minecraft:birch_sapling":6,"minecraft:composter":4,"minecraft:grindstone":1,"minecraft:potato":8,"minecraft:stone_pickaxe":1,"minecraft:wooden_pickaxe":1},"minecraft:used":{"minecraft:moss_block":7,"minecraft:stone_sword":67,"minecraft:chest":2,"minecraft:iron_sword":3,"minecraft:bell":1,"minecraft:iron_chestplate":1,"minecraft:dirt":14,"minecraft:iron_axe":20,"minecraft:iron_boots":1,"minecraft:furnace":4,"minecraft:cooked_cod":4,"minecraft:cooked_beef":2,"minecraft:cobbled_deepslate":9,"minecraft:light_gray_bed":3,"minecraft:iron_leggings":1,"minecraft:water_bucket":8,"minecraft:diorite":2,"minecraft:stone_pickaxe":192,"minecraft:wooden_pickaxe":33,"minecraft:mossy_cobblestone":1,"minecraft:crafting_table":4,"minecraft:cod":1,"minecraft:flower_pot":1,"minecraft:sunflower":2,"minecraft:bread":3,"minecraft:iron_pickaxe":95,"minecraft:suspicious_stew":1,"minecraft:gravel":1,"minecraft:stone_axe":30,"minecraft:cobblestone":1,"minecraft:cooked_porkchop":3,"minecraft:bucket":9,"minecraft:pumpkin_pie":1,"minecraft:dandelion":4},"minecraft:broken":{"minecraft:stone_pickaxe":1},"minecraft:killed":{"minecraft:cod":8,"minecraft:skeleton":2,"minecraft:turtle":3,"minecraft:pig":3,"minecraft:sheep":2,"minecraft:zombie":1,"minecraft:cow":12},"minecraft:custom":{"minecraft:mob_kills":31,"minecraft:interact_with_crafting_table":13,"minecraft:bell_ring":18,"minecraft:time_since_death":71474,"minecraft:climb_one_cm":395,"minecraft:sprint_one_cm":213998,"minecraft:walk_one_cm":105068,"minecraft:drop":23,"minecraft:talked_to_villager":1,"minecraft:play_time":71474,"minecraft:sneak_time":4479,"minecraft:walk_under_water_one_cm":28873,"minecraft:boat_one_cm":219272,"minecraft:jump":1470,"minecraft:walk_on_water_one_cm":17596,"minecraft:total_world_time":71474,"minecraft:interact_with_furnace":39,"minecraft:sleep_in_bed":4,"minecraft:time_since_rest":93,"minecraft:damage_taken":545,"minecraft:damage_dealt":3440,"minecraft:swim_one_cm":48100,"minecraft:fly_one_cm":282801,"minecraft:open_chest":35,"minecraft:crouch_one_cm":9394,"minecraft:fall_one_cm":36956}},"DataVersion":3700}