{"stats":{"minecraft:custom":{"minecraft:mob_kills":64,"minecraft:interact_with_crafting_table":38,"minecraft:bell_ring":19,"minecraft:leave_game":1,"minecraft:time_since_death":23064,"minecraft:climb_one_cm":571,"minecraft:sprint_one_cm":861060,"minecraft:walk_one_cm":642902,"minecraft:damage_blocked_by_shield":1931,"minecraft:drop":67,"minecraft:talked_to_villager":14,"minecraft:play_time":246223,"minecraft:sneak_time":22150,"minecraft:deaths":2,"minecraft:walk_under_water_one_cm":46986,"minecraft:boat_one_cm":274221,"minecraft:jump":4079,"minecraft:walk_on_water_one_cm":42767,"minecraft:total_world_time":246223,"minecraft:interact_with_furnace":71,"minecraft:traded_with_villager":13,"minecraft:sleep_in_bed":13,"minecraft:time_since_rest":23136,"minecraft:damage_taken":3875,"minecraft:minecart_one_cm":5395,"minecraft:damage_dealt":11629,"minecraft:swim_one_cm":107307,"minecraft:fly_one_cm":750193,"minecraft:open_chest":115,"minecraft:crouch_one_cm":79911,"minecraft:fall_one_cm":108589},"minecraft:crafted":{"minecraft:oak_planks":136,"minecraft:furnace":1,"minecraft:light_gray_wool":3,"minecraft:bone_meal":21,"minecraft:cooked_mutton":5,"minecraft:glass":12,"minecraft:iron_axe":2,"minecraft:spruce_slab":24,"minecraft:stone_pickaxe":2,"minecraft:chest":7,"minecraft:spruce_boat":2,"minecraft:dark_oak_planks":20,"minecraft:stone_hoe":1,"minecraft:wheat":144,"minecraft:cooked_beef":26,"minecraft:cooked_cod":5,"minecraft:wooden_shovel":2,"minecraft:emerald":13,"minecraft:cooked_porkchop":3,"minecraft:crafting_table":3,"minecraft:spruce_planks":308,"minecraft:iron_helmet":1,"minecraft:iron_sword":1,"minecraft:smithing_table":1,"minecraft:leather_helmet":1,"minecraft:birch_planks":52,"minecraft:bucket":2,"minecraft:stone_axe":2,"minecraft:bread":48,"minecraft:air":0,"minecraft:light_gray_bed":1,"minecraft:spruce_trapdoor":4,"minecraft:wooden_hoe":4,"minecraft:dark_oak_slab":36,"minecraft:shield":1,"minecraft:stick":268,"minecraft:iron_ingot":21,"minecraft:iron_pickaxe":3,"minecraft:stone_sword":1,"minecraft:iron_shovel":1,"minecraft:light_gray_dye":3,"minecraft:composter":4,"minecraft:acacia_planks":12,"minecraft:torch":8},"minecraft:mined":{"minecraft:spruce_planks":34,"minecraft:mossy_cobblestone":1,"minecraft:deepslate_diamond_ore":1,"minecraft:spruce_trapdoor":2,"minecraft:acacia_log":16,"minecraft:granite":16,"minecraft:grass_block":218,"minecraft:light_gray_bed":5,"minecraft:spruce_leaves":11,"minecraft:cartography_table":1,"minecraft:oxeye_daisy":3,"minecraft:large_fern":6,"minecraft:hay_block":130,"minecraft:tall_seagrass":3,"minecraft:magma_block":6,"minecraft:spruce_sapling":6,"minecraft:furnace":6,"minecraft:fire":18,"minecraft:iron_ore":56,"minecraft:acacia_wood":3,"minecraft:andesite":5,"minecraft:fletching_table":1,"minecraft:rail":5,"minecraft:bell":1,"minecraft:vine":1,"minecraft:potatoes":59,"minecraft:pointed_dripstone":9,"minecraft:deepslate_iron_ore":4,"minecraft:dirt_path":47,"minecraft:potted_spruce_sapling":1,"minecraft:spruce_slab":2,"minecraft:stone":226,"minecraft:orange_bed":1,"minecraft:smithing_table":1,"minecraft:acacia_leaves":6,"minecraft:glass_pane":2,"minecraft:crafting_table":6,"minecraft:torch":2,"minecraft:short_grass":112,"minecraft:emerald_ore":2,"minecraft:chest":4,"minecraft:dead_bush":2,"minecraft:tall_grass":8,"minecraft:copper_ore":4,"minecraft:cobblestone":11,"minecraft:grindstone":3,"minecraft:oak_planks":3,"minecraft:diorite":5,"minecraft:blue_bed":3,"minecraft:seagrass":13,"minecraft:birch_planks":3,"minecraft:purple_bed":2,"minecraft:dark_oak_slab":1,"minecraft:cobblestone_wall":2,"minecraft:birch_log":36,"minecraft:wheat":11,"minecraft:sweet_berry_bush":4,"minecraft:spruce_log":156,"minecraft:oak_log":12,"minecraft:coal_ore":145,"minecraft:sand":12,"minecraft:sunflower":3,"minecraft:gravel":1,"minecraft:dirt":70,"minecraft:acacia_planks":1,"minecraft:stonecutter":1,"minecraft:oak_leaves":1,"minecraft:deepslate":55,"minecraft:fern":1},"minecraft:used":{"minecraft:moss_block":7,"minecraft:stone_sword":67,"minecraft:iron_shovel":184,"minecraft:spruce_slab":18,"minecraft:spruce_planks":237,"minecraft:chest":11,"minecraft:shield":35,"minecraft:iron_sword":187,"minecraft:stone_hoe":32,"minecraft:wooden_shovel":126,"minecraft:bell":1,"minecraft:iron_chestplate":1,"minecraft:orange_bed":2,"minecraft:torch":7,"minecraft:dirt":197,"minecraft:spruce_boat":1,"minecraft:glass":12,"minecraft:lava_bucket":12,"minecraft:iron_axe":235,"minecraft:iron_boots":1,"minecraft:furnace":6,"minecraft:cooked_cod":4,"minecraft:minecart":3,"minecraft:potato":100,"minecraft:acacia_planks":4,"minecraft:cooked_beef":19,"minecraft:cobbled_deepslate":9,"minecraft:light_gray_bed":5,"minecraft:golden_axe":32,"minecraft:iron_leggings":1,"minecraft:pointed_dripstone":20,"minecraft:water_bucket":43,"minecraft:diorite":2,"minecraft:stone_pickaxe":192,"minecraft:oak_planks":5,"minecraft:composter":2,"minecraft:wooden_pickaxe":33,"minecraft:mossy_cobblestone":1,"minecraft:rail":24,"minecraft:crafting_table":10,"minecraft:red_bed":1,"minecraft:cod":1,"minecraft:wooden_hoe":119,"minecraft:flower_pot":1,"minecraft:sunflower":3,"minecraft:bread":45,"minecraft:suspicious_stew":1,"minecraft:iron_pickaxe":387,"minecraft:spruce_trapdoor":6,"minecraft:spruce_sapling":26,"minecraft:gravel":1,"minecraft:stone_axe":44,"minecraft:wooden_sword":1,"minecraft:cobblestone":37,"minecraft:cooked_porkchop":3,"minecraft:bucket":57,"minecraft:pumpkin_pie":1,"minecraft:bone_meal":28,"minecraft:dandelion":4},"minecraft:dropped":{"minecraft:bread":12,"minecraft:short_grass":2,"minecraft:wheat_seeds":3,"minecraft:smithing_table":2,"minecraft:cobblestone":3,"minecraft:leather_helmet":1,"minecraft:diorite":2,"minecraft:torch":1,"minecraft:wooden_hoe":2,"minecraft:cooked_cod":1,"minecraft:wooden_sword":1,"minecraft:sunflower":2,"minecraft:iron_axe":1,"minecraft:iron_pickaxe":1,"minecraft:string":1,"minecraft:spruce_sapling":1,"minecraft:blue_bed":2,"minecraft:stone_axe":1,"minecraft:sweet_berries":2,"minecraft:iron_nugget":15,"minecraft:stone_sword":2,"minecraft:raw_copper":2,"minecraft:bowl":1,"minecraft:tuff":1,"minecraft:stone_shovel":3,"minecraft:birch_sapling":6,"minecraft:pointed_dripstone":8,"minecraft:composter":4,"minecraft:tall_grass":2,"minecraft:rotten_flesh":7,"minecraft:grindstone":1,"minecraft:potato":9,"minecraft:spruce_boat":1,"minecraft:purple_bed":1,"minecraft:wooden_pickaxe":1,"minecraft:stone_pickaxe":1,"minecraft:magma_block":2,"minecraft:egg":1},"minecraft:killed_by":{"minecraft:player":1,"minecraft:creeper":1},"minecraft:broken":{"minecraft:wooden_shovel":2,"minecraft:stone_pickaxe":1,"minecraft:golden_axe":1,"minecraft:iron_axe":1,"minecraft:iron_pickaxe":1,"minecraft:wooden_hoe":2},"minecraft:killed":{"minecraft:witch":1,"minecraft:spider":4,"minecraft:cod":8,"minecraft:skeleton":6,"minecraft:turtle":3,"minecraft:pig":3,"minecraft:sheep":2,"minecraft:trader_llama":2,"minecraft:pillager":1,"minecraft:zombie":17,"minecraft:enderman":1,"minecraft:cow":16},"minecraft:picked_up":{"minecraft:seagrass":2,"minecraft:crafting_table":8,"minecraft:iron_chestplate":2,"minecraft:flower_pot":1,"minecraft:smithing_table":2,"minecraft:lead":4,"minecraft:wooden_pickaxe":1,"minecraft:shield":2,"minecraft:string":7,"minecraft:red_bed":1,"minecraft:raw_copper":32,"minecraft:iron_axe":2,"minecraft:wooden_sword":2,"minecraft:iron_leggings":2,"minecraft:iron_shovel":1,"minecraft:cartography_table":2,"minecraft:cobbled_deepslate":41,"minecraft:spruce_planks":85,"minecraft:beef":46,"minecraft:spruce_slab":3,"minecraft:iron_nugget":42,"minecraft:poppy":6,"minecraft:iron_pickaxe":4,"minecraft:minecart":3,"minecraft:chest":4,"minecraft:birch_sapling":6,"minecraft:spruce_trapdoor":2,"minecraft:furnace":6,"minecraft:iron_boots":3,"minecraft:egg":7,"minecraft:stick":421,"minecraft:raw_iron":58,"minecraft:composter":4,"minecraft:torch":4,"minecraft:acacia_log":16,"minecraft:porkchop":3,"minecraft:pointed_dripstone":41,"minecraft:diorite":4,"minecraft:orange_bed":2,"minecraft:stone_shovel":3,"minecraft:rotten_flesh":34,"minecraft:stone_sword":1,"minecraft:arrow":6,"minecraft:light_gray_bed":5,"minecraft:hay_block":244,"minecraft:rail":28,"minecraft:gold_ingot":4,"minecraft:mutton":5,"minecraft:cod":6,"minecraft:white_wool":2,"minecraft:cobblestone":262,"minecraft:oxeye_daisy":3,"minecraft:birch_log":37,"minecraft:magma_block":13,"minecraft:cooked_beef":10,"minecraft:water_bucket":2,"minecraft:andesite":12,"minecraft:brown_wool":1,"minecraft:leather":23,"minecraft:acacia_wood":3,"minecraft:potato":101,"minecraft:birch_planks":3,"minecraft:tuff":1,"minecraft:oak_log":34,"minecraft:cobblestone_wall":2,"minecraft:lapis_lazuli":2,"minecraft:map":2,"minecraft:dirt":344,"minecraft:blue_bed":3,"minecraft:bone":11,"minecraft:acacia_planks":1,"minecraft:apple":6,"minecraft:bow":1,"minecraft:stonecutter":2,"minecraft:wheat_seeds":87,"minecraft:bell":1,"minecraft:grindstone":6,"minecraft:iron_ingot":15,"minecraft:tall_grass":4,"minecraft:fletching_table":1,"minecraft:acacia_sapling":2,"minecraft:oak_planks":3,"minecraft:iron_sword":4,"minecraft:dark_oak_slab":22,"minecraft:lava_bucket":1,"minecraft:sweet_berries":45,"minecraft:sand":12,"minecraft:dandelion":5,"minecraft:dripstone_block":6,"minecraft:gravel":1,"minecraft:spruce_sapling":34,"minecraft:spruce_log":297,"minecraft:spider_eye":4,"minecraft:mossy_cobblestone":1,"minecraft:purple_bed":1,"minecraft:diamond":2,"minecraft:short_grass":2,"minecraft:iron_helmet":1,"minecraft:granite":13,"minecraft:bone_meal":10,"minecraft:emerald":7,"minecraft:bread":43,"minecraft:oak_sapling":8,"minecraft:melon_seeds":1,"minecraft:coal":355,"minecraft:sunflower":5}},"DataVersion":3700}