{"stats":{"minecraft:crafted":{"minecraft:cooked_beef":6,"minecraft:cooked_cod":5,"minecraft:cooked_porkchop":3,"minecraft:iron_sword":1,"minecraft:furnace":1,"minecraft:light_gray_wool":3,"minecraft:bucket":1,"minecraft:birch_planks":32,"minecraft:stone_axe":1,"minecraft:air":0,"minecraft:light_gray_bed":1,"minecraft:shield":1,"minecraft:iron_axe":1,"minecraft:stick":12,"minecraft:iron_ingot":6,"minecraft:iron_pickaxe":1,"minecraft:stone_pickaxe":2,"minecraft:stone_sword":1,"minecraft:light_gray_dye":3},"minecraft:mined":{"minecraft:mossy_cobblestone":1,"minecraft:deepslate_diamond_ore":1,"minecraft:crafting_table":3,"minecraft:granite":16,"minecraft:short_grass":5,"minecraft:grass_block":2,"minecraft:chest":1,"minecraft:light_gray_bed":2,"minecraft:tall_grass":3,"minecraft:cobblestone":1,"minecraft:copper_ore":1,"minecraft:oxeye_daisy":3,"minecraft:diorite":5,"minecraft:tall_seagrass":1,"minecraft:dark_oak_slab":1,"minecraft:furnace":2,"minecraft:birch_log":36,"minecraft:iron_ore":3,"minecraft:andesite":1,"minecraft:coal_ore":50,"minecraft:deepslate_iron_ore":4,"minecraft:sunflower":2,"minecraft:gravel":1,"minecraft:dirt":15,"minecraft:stone":130,"minecraft:deepslate":55},"minecraft:picked_up":{"minecraft:birch_log":37,"minecraft:seagrass":2,"minecraft:crafting_table":3,"minecraft:leather":13,"minecraft:brown_wool":1,"minecraft:wooden_pickaxe":1,"minecraft:tuff":1,"minecraft:lapis_lazuli":2,"minecraft:dirt":10,"minecraft:raw_copper":2,"minecraft:bone":4,"minecraft:wheat_seeds":1,"minecraft:cobbled_deepslate":41,"minecraft:beef":22,"minecraft:iron_ingot":9,"minecraft:iron_nugget":34,"minecraft:iron_pickaxe":1,"minecraft:chest":1,"minecraft:birch_sapling":6,"minecraft:furnace":2,"minecraft:raw_iron":5,"minecraft:stick":2,"minecraft:dandelion":4,"minecraft:gravel":1,"minecraft:porkchop":3,"minecraft:diorite":3,"minecraft:mossy_cobblestone":1,"minecraft:light_gray_bed":2,"minecraft:stone_sword":1,"minecraft:arrow":4,"minecraft:rotten_flesh":4,"minecraft:diamond":2,"minecraft:granite":13,"minecraft:bone_meal":1,"minecraft:gold_ingot":4,"minecraft:emerald":5,"minecraft:mutton":5,"minecraft:cod":6,"minecraft:coal":78,"minecraft:sunflower":2,"minecraft:white_wool":2,"minecraft:cobblestone":80,"minecraft:oxeye_daisy":3},"minecraft:dropped":{"minecraft:stone_axe":1,"minecraft:wheat_seeds":1,"minecraft:iron_nugget":7,"minecraft:stone_sword":2,"minecraft:raw_copper":2,"minecraft:bowl":1,"minecraft:tuff":1,"minecraft:birch_sapling":6,"minecraft:diorite":1,"minecraft:cooked_cod":1,"minecraft:iron_pickaxe":1,"minecraft:stone_pickaxe":1,"minecraft:wooden_pickaxe":1},"minecraft:used":{"minecraft:moss_block":7,"minecraft:water_bucket":2,"minecraft:diorite":2,"minecraft:stone_sword":67,"minecraft:stone_pickaxe":192,"minecraft:wooden_pickaxe":33,"minecraft:mossy_cobblestone":1,"minecraft:dirt":10,"minecraft:crafting_table":3,"minecraft:cod":1,"minecraft:iron_axe":18,"minecraft:suspicious_stew":1,"minecraft:iron_pickaxe":56,"minecraft:gravel":1,"minecraft:stone_axe":30,"minecraft:cobblestone":1,"minecraft:cooked_porkchop":1,"minecraft:furnace":3,"minecraft:cooked_cod":4,"minecraft:bucket":3,"minecraft:cooked_beef":2,"minecraft:dandelion":4,"minecraft:cobbled_deepslate":6,"minecraft:light_gray_bed":2},"minecraft:killed":{"minecraft:pig":3,"minecraft:cod":8,"minecraft:sheep":2,"minecraft:skeleton":2,"minecraft:zombie":1,"minecraft:turtle":3,"minecraft:cow":12},"minecraft:custom":{"minecraft:interact_with_furnace":31,"minecraft:mob_kills":31,"minecraft:interact_with_crafting_table":8,"minecraft:time_since_death":47474,"minecraft:sleep_in_bed":2,"minecraft:time_since_rest":2940,"minecraft:sprint_one_cm":103124,"minecraft:damage_taken":385,"minecraft:walk_one_cm":72840,"minecraft:drop":15,"minecraft:damage_dealt":3440,"minecraft:swim_one_cm":43745,"minecraft:fly_one_cm":162635,"minecraft:open_chest":11,"minecraft:crouch_one_cm":7002,"minecraft:play_time":47474,"minecraft:sneak_time":3425,"minecraft:walk_under_water_one_cm":28070,"minecraft:boat_one_cm":178804,"minecraft:jump":956,"minecraft:walk_on_water_one_cm":15559,"minecraft:total_world_time":47474,"minecraft:fall_one_cm":21709},"minecraft:broken":{"minecraft:stone_pickaxe":1}},"DataVersion":3700}