{"stats":{"minecraft:crafted":{"minecraft:furnace":1,"minecraft:light_gray_wool":3,"minecraft:cooked_mutton":5,"minecraft:iron_axe":1,"minecraft:stone_pickaxe":2,"minecraft:chest":2,"minecraft:dark_oak_planks":20,"minecraft:cooked_beef":22,"minecraft:cooked_cod":5,"minecraft:cooked_porkchop":3,"minecraft:crafting_table":1,"minecraft:iron_sword":1,"minecraft:birch_planks":36,"minecraft:bucket":1,"minecraft:stone_axe":1,"minecraft:air":0,"minecraft:light_gray_bed":1,"minecraft:dark_oak_slab":36,"minecraft:shield":1,"minecraft:stick":12,"minecraft:iron_ingot":10,"minecraft:iron_pickaxe":1,"minecraft:stone_sword":1,"minecraft:light_gray_dye":3,"minecraft:composter":2},"minecraft:killed_by":{"minecraft:player":1},"minecraft:mined":{"minecraft:mossy_cobblestone":1,"minecraft:deepslate_diamond_ore":1,"minecraft:granite":16,"minecraft:grass_block":11,"minecraft:light_gray_bed":4,"minecraft:spruce_leaves":2,"minecraft:cartography_table":1,"minecraft:oxeye_daisy":3,"minecraft:tall_seagrass":1,"minecraft:furnace":4,"minecraft:iron_ore":52,"minecraft:andesite":5,"minecraft:bell":1,"minecraft:pointed_dripstone":8,"minecraft:deepslate_iron_ore":4,"minecraft:potted_spruce_sapling":1,"minecraft:stone":156,"minecraft:crafting_table":4,"minecraft:short_grass":8,"minecraft:emerald_ore":2,"minecraft:chest":4,"minecraft:copper_ore":4,"minecraft:tall_grass":3,"minecraft:cobblestone":9,"minecraft:grindstone":3,"minecraft:diorite":5,"minecraft:blue_bed":3,"minecraft:purple_bed":2,"minecraft:dark_oak_slab":1,"minecraft:cobblestone_wall":1,"minecraft:birch_log":36,"minecraft:sweet_berry_bush":4,"minecraft:coal_ore":145,"minecraft:dirt":26,"minecraft:sunflower":2,"minecraft:gravel":1,"minecraft:stonecutter":1,"minecraft:oak_leaves":1,"minecraft:deepslate":55},"minecraft:picked_up":{"minecraft:seagrass":2,"minecraft:iron_chestplate":1,"minecraft:crafting_table":4,"minecraft:flower_pot":1,"minecraft:wooden_pickaxe":1,"minecraft:shield":1,"minecraft:raw_copper":32,"minecraft:iron_axe":1,"minecraft:wooden_sword":2,"minecraft:iron_leggings":1,"minecraft:cartography_table":2,"minecraft:cobbled_deepslate":41,"minecraft:beef":43,"minecraft:iron_nugget":42,"minecraft:poppy":1,"minecraft:iron_pickaxe":2,"minecraft:chest":4,"minecraft:birch_sapling":6,"minecraft:egg":6,"minecraft:iron_boots":2,"minecraft:furnace":4,"minecraft:stick":7,"minecraft:raw_iron":54,"minecraft:composter":2,"minecraft:torch":1,"minecraft:porkchop":3,"minecraft:pointed_dripstone":33,"minecraft:diorite":3,"minecraft:rotten_flesh":8,"minecraft:stone_sword":1,"minecraft:arrow":4,"minecraft:light_gray_bed":4,"minecraft:gold_ingot":4,"minecraft:mutton":5,"minecraft:cod":6,"minecraft:white_wool":2,"minecraft:cobblestone":182,"minecraft:oxeye_daisy":3,"minecraft:birch_log":37,"minecraft:cooked_beef":10,"minecraft:water_bucket":1,"minecraft:andesite":12,"minecraft:brown_wool":1,"minecraft:leather":17,"minecraft:potato":1,"minecraft:tuff":1,"minecraft:cobblestone_wall":1,"minecraft:map":2,"minecraft:lapis_lazuli":2,"minecraft:dirt":36,"minecraft:blue_bed":3,"minecraft:bone":4,"minecraft:apple":4,"minecraft:stonecutter":2,"minecraft:wheat_seeds":2,"minecraft:bell":1,"minecraft:iron_ingot":9,"minecraft:grindstone":6,"minecraft:iron_sword":3,"minecraft:dark_oak_slab":22,"minecraft:sweet_berries":45,"minecraft:dripstone_block":6,"minecraft:dandelion":4,"minecraft:gravel":1,"minecraft:spruce_sapling":1,"minecraft:mossy_cobblestone":1,"minecraft:purple_bed":1,"minecraft:diamond":2,"minecraft:granite":13,"minecraft:bone_meal":1,"minecraft:emerald":7,"minecraft:bread":7,"minecraft:coal":296,"minecraft:sunflower":4},"minecraft:dropped":{"minecraft:wheat_seeds":2,"minecraft:diorite":1,"minecraft:cooked_cod":1,"minecraft:wooden_sword":1,"minecraft:sunflower":2,"minecraft:iron_pickaxe":1,"minecraft:blue_bed":2,"minecraft:stone_axe":1,"minecraft:sweet_berries":2,"minecraft:iron_nugget":15,"minecraft:stone_sword":2,"minecraft:raw_copper":2,"minecraft:bowl":1,"minecraft:tuff":1,"minecraft:birch_sapling":6,"minecraft:composter":4,"minecraft:grindstone":1,"minecraft:potato":9,"minecraft:purple_bed":1,"minecraft:stone_pickaxe":1,"minecraft:wooden_pickaxe":1},"minecraft:used":{"minecraft:moss_block":7,"minecraft:stone_sword":67,"minecraft:chest":6,"minecraft:shield":2,"minecraft:iron_sword":16,"minecraft:bell":1,"minecraft:iron_chestplate":1,"minecraft:dirt":14,"minecraft:iron_axe":23,"minecraft:iron_boots":1,"minecraft:furnace":5,"minecraft:cooked_cod":4,"minecraft:cooked_beef":6,"minecraft:cobbled_deepslate":9,"minecraft:light_gray_bed":4,"minecraft:pointed_dripstone":20,"minecraft:iron_leggings":1,"minecraft:water_bucket":15,"minecraft:diorite":2,"minecraft:stone_pickaxe":192,"minecraft:wooden_pickaxe":33,"minecraft:mossy_cobblestone":1,"minecraft:crafting_table":4,"minecraft:cod":1,"minecraft:flower_pot":1,"minecraft:sunflower":2,"minecraft:bread":3,"minecraft:iron_pickaxe":274,"minecraft:suspicious_stew":1,"minecraft:gravel":1,"minecraft:stone_axe":30,"minecraft:wooden_sword":1,"minecraft:cobblestone":27,"minecraft:cooked_porkchop":3,"minecraft:bucket":16,"minecraft:pumpkin_pie":1,"minecraft:dandelion":4},"minecraft:broken":{"minecraft:stone_pickaxe":1},"minecraft:killed":{"minecraft:cod":8,"minecraft:skeleton":2,"minecraft:turtle":3,"minecraft:pig":3,"minecraft:sheep":2,"minecraft:zombie":3,"minecraft:cow":15},"minecraft:custom":{"minecraft:mob_kills":36,"minecraft:interact_with_crafting_table":13,"minecraft:bell_ring":18,"minecraft:time_since_death":6873,"minecraft:climb_one_cm":395,"minecraft:sprint_one_cm":304911,"minecraft:walk_one_cm":159918,"minecraft:damage_blocked_by_shield":349,"minecraft:drop":29,"minecraft:talked_to_villager":1,"minecraft:deaths":1,"minecraft:play_time":95474,"minecraft:sneak_time":7263,"minecraft:walk_under_water_one_cm":32137,"minecraft:boat_one_cm":219272,"minecraft:jump":1876,"minecraft:walk_on_water_one_cm":24768,"minecraft:total_world_time":95474,"minecraft:interact_with_furnace":56,"minecraft:sleep_in_bed":5,"minecraft:time_since_rest":6897,"minecraft:damage_taken":1019,"minecraft:damage_dealt":4173,"minecraft:swim_one_cm":50535,"minecraft:fly_one_cm":330672,"minecraft:open_chest":53,"minecraft:crouch_one_cm":17939,"minecraft:fall_one_cm":54810}},"DataVersion":3700}