{"stats":{"minecraft:picked_up":{"minecraft:birch_log":5,"minecraft:leather":6,"minecraft:oak_log":5,"minecraft:gunpowder":2,"minecraft:redstone":15,"minecraft:arrow":2,"minecraft:bone":2,"minecraft:rotten_flesh":4,"minecraft:beef":8,"minecraft:granite":1,"minecraft:iron_ore":13,"minecraft:iron_pickaxe":1,"minecraft:coal":16,"minecraft:cobblestone":59},"minecraft:used":{"minecraft:stone_sword":32,"minecraft:iron_pickaxe":90,"minecraft:shield":2,"minecraft:stone_axe":3,"minecraft:cobblestone":25,"minecraft:beef":8,"minecraft:crafting_table":1,"minecraft:furnace":1,"minecraft:granite":1},"minecraft:crafted":{"minecraft:oak_planks":20,"minecraft:shield":1,"minecraft:crafting_table":1,"minecraft:stick":12,"minecraft:iron_ingot":1,"minecraft:stone_sword":1,"minecraft:furnace":1,"minecraft:birch_planks":20,"minecraft:stone_axe":1,"minecraft:air":0},"minecraft:mined":{"minecraft:redstone_ore":3,"minecraft:birch_log":5,"minecraft:iron_ore":15,"minecraft:birch_leaves":1,"minecraft:granite":1,"minecraft:coal_ore":16,"minecraft:oak_log":5,"minecraft:cobblestone":11,"minecraft:stone":44},"minecraft:killed":{"minecraft:skeleton":2,"minecraft:zombie":3,"minecraft:creeper":1,"minecraft:cow":4},"minecraft:custom":{"minecraft:time_since_rest":12079,"minecraft:interact_with_furnace":3,"minecraft:sprint_one_cm":26866,"minecraft:damage_taken":290,"minecraft:walk_one_cm":35455,"minecraft:damage_blocked_by_shield":80,"minecraft:mob_kills":10,"minecraft:damage_dealt":1699,"minecraft:swim_one_cm":7725,"minecraft:interact_with_crafting_table":5,"minecraft:fly_one_cm":20512,"minecraft:open_chest":1,"minecraft:crouch_one_cm":3095,"minecraft:play_one_minute":12079,"minecraft:sneak_time":1169,"minecraft:walk_under_water_one_cm":163,"minecraft:jump":171,"minecraft:time_since_death":12079,"minecraft:walk_on_water_one_cm":12827,"minecraft:fall_one_cm":1405}},"DataVersion":2586}