{"stats":{"minecraft:crafted":{"minecraft:cooked_cod":5,"minecraft:cooked_porkchop":1,"minecraft:iron_sword":1,"minecraft:furnace":1,"minecraft:light_gray_wool":3,"minecraft:bucket":1,"minecraft:birch_planks":32,"minecraft:stone_axe":1,"minecraft:air":0,"minecraft:light_gray_bed":1,"minecraft:shield":1,"minecraft:iron_axe":1,"minecraft:stick":12,"minecraft:iron_ingot":5,"minecraft:iron_pickaxe":1,"minecraft:stone_pickaxe":2,"minecraft:stone_sword":1,"minecraft:light_gray_dye":3},"minecraft:mined":{"minecraft:deepslate_diamond_ore":1,"minecraft:crafting_table":2,"minecraft:granite":15,"minecraft:short_grass":2,"minecraft:grass_block":1,"minecraft:chest":1,"minecraft:light_gray_bed":1,"minecraft:cobblestone":1,"minecraft:copper_ore":1,"minecraft:oxeye_daisy":3,"minecraft:diorite":5,"minecraft:tall_seagrass":1,"minecraft:furnace":1,"minecraft:birch_log":36,"minecraft:iron_ore":3,"minecraft:andesite":1,"minecraft:coal_ore":30,"minecraft:deepslate_iron_ore":4,"minecraft:gravel":1,"minecraft:dirt":15,"minecraft:stone":130,"minecraft:deepslate":55},"minecraft:picked_up":{"minecraft:birch_log":37,"minecraft:seagrass":2,"minecraft:crafting_table":2,"minecraft:leather":3,"minecraft:brown_wool":1,"minecraft:wooden_pickaxe":1,"minecraft:tuff":1,"minecraft:lapis_lazuli":2,"minecraft:dirt":9,"minecraft:raw_copper":2,"minecraft:bone":4,"minecraft:cobbled_deepslate":41,"minecraft:beef":6,"minecraft:iron_ingot":9,"minecraft:iron_nugget":34,"minecraft:iron_pickaxe":1,"minecraft:chest":1,"minecraft:birch_sapling":6,"minecraft:furnace":1,"minecraft:raw_iron":5,"minecraft:stick":2,"minecraft:gravel":1,"minecraft:porkchop":3,"minecraft:diorite":3,"minecraft:light_gray_bed":1,"minecraft:stone_sword":1,"minecraft:arrow":4,"minecraft:rotten_flesh":4,"minecraft:diamond":2,"minecraft:granite":12,"minecraft:bone_meal":1,"minecraft:gold_ingot":4,"minecraft:emerald":5,"minecraft:mutton":5,"minecraft:cod":6,"minecraft:coal":35,"minecraft:white_wool":2,"minecraft:cobblestone":80,"minecraft:oxeye_daisy":3},"minecraft:used":{"minecraft:diorite":2,"minecraft:stone_sword":67,"minecraft:stone_pickaxe":192,"minecraft:wooden_pickaxe":33,"minecraft:dirt":9,"minecraft:crafting_table":2,"minecraft:cod":1,"minecraft:suspicious_stew":1,"minecraft:iron_pickaxe":32,"minecraft:gravel":1,"minecraft:stone_axe":30,"minecraft:cobblestone":1,"minecraft:cooked_porkchop":1,"minecraft:furnace":2,"minecraft:cooked_cod":4,"minecraft:cobbled_deepslate":6,"minecraft:light_gray_bed":1},"minecraft:dropped":{"minecraft:stone_axe":1,"minecraft:iron_nugget":7,"minecraft:stone_sword":2,"minecraft:raw_copper":2,"minecraft:bowl":1,"minecraft:tuff":1,"minecraft:birch_sapling":6,"minecraft:diorite":1,"minecraft:cooked_cod":1,"minecraft:stone_pickaxe":1,"minecraft:wooden_pickaxe":1},"minecraft:killed":{"minecraft:pig":3,"minecraft:cod":8,"minecraft:sheep":2,"minecraft:skeleton":2,"minecraft:zombie":1,"minecraft:turtle":3,"minecraft:cow":3},"minecraft:custom":{"minecraft:interact_with_furnace":14,"minecraft:mob_kills":22,"minecraft:interact_with_crafting_table":8,"minecraft:time_since_death":35474,"minecraft:sleep_in_bed":1,"minecraft:time_since_rest":4318,"minecraft:sprint_one_cm":54852,"minecraft:damage_taken":325,"minecraft:walk_one_cm":53073,"minecraft:drop":13,"minecraft:damage_dealt":2540,"minecraft:swim_one_cm":41700,"minecraft:fly_one_cm":48675,"minecraft:open_chest":10,"minecraft:crouch_one_cm":4972,"minecraft:play_time":35474,"minecraft:sneak_time":2749,"minecraft:walk_under_water_one_cm":27982,"minecraft:boat_one_cm":171205,"minecraft:jump":551,"minecraft:walk_on_water_one_cm":14453,"minecraft:total_world_time":35474,"minecraft:fall_one_cm":6750},"minecraft:broken":{"minecraft:stone_pickaxe":1}},"DataVersion":3700}