{"stats":{"minecraft:used":{"minecraft:stone_button":1,"minecraft:jungle_leaves":9,"minecraft:command_block":3},"minecraft:custom":{"minecraft:jump":16,"minecraft:time_since_rest":13579,"minecraft:crouch_one_cm":276,"minecraft:deaths":2,"minecraft:sprint_one_cm":1236,"minecraft:play_time":17969,"minecraft:time_since_death":13402,"minecraft:walk_one_cm":4097,"minecraft:sneak_time":140,"minecraft:climb_one_cm":470,"minecraft:total_world_time":17969,"minecraft:drop":2,"minecraft:fly_one_cm":8915},"minecraft:mined":{"minecraft:jungle_leaves":6},"minecraft:picked_up":{"minecraft:stone_button":1},"minecraft:dropped":{"minecraft:jungle_leaves":1,"minecraft:stone_button":1}},"DataVersion":3700}