{"stats":{"minecraft:mined":{"minecraft:mossy_cobblestone":1,"minecraft:deepslate_diamond_ore":1,"minecraft:granite":16,"minecraft:grass_block":20,"minecraft:light_gray_bed":4,"minecraft:spruce_leaves":11,"minecraft:cartography_table":1,"minecraft:oxeye_daisy":3,"minecraft:large_fern":5,"minecraft:tall_seagrass":1,"minecraft:spruce_sapling":2,"minecraft:furnace":4,"minecraft:iron_ore":56,"minecraft:andesite":5,"minecraft:bell":1,"minecraft:pointed_dripstone":9,"minecraft:deepslate_iron_ore":4,"minecraft:dirt_path":3,"minecraft:potted_spruce_sapling":1,"minecraft:stone":157,"minecraft:crafting_table":4,"minecraft:torch":1,"minecraft:short_grass":16,"minecraft:emerald_ore":2,"minecraft:chest":4,"minecraft:tall_grass":3,"minecraft:copper_ore":4,"minecraft:cobblestone":9,"minecraft:grindstone":3,"minecraft:diorite":5,"minecraft:blue_bed":3,"minecraft:purple_bed":2,"minecraft:dark_oak_slab":1,"minecraft:cobblestone_wall":1,"minecraft:birch_log":36,"minecraft:sweet_berry_bush":4,"minecraft:spruce_log":156,"minecraft:oak_log":12,"minecraft:coal_ore":145,"minecraft:sunflower":2,"minecraft:gravel":1,"minecraft:dirt":26,"minecraft:stonecutter":1,"minecraft:oak_leaves":1,"minecraft:deepslate":55},"minecraft:custom":{"minecraft:mob_kills":38,"minecraft:interact_with_crafting_table":16,"minecraft:bell_ring":19,"minecraft:leave_game":1,"minecraft:time_since_death":31622,"minecraft:climb_one_cm":395,"minecraft:sprint_one_cm":399108,"minecraft:walk_one_cm":215179,"minecraft:damage_blocked_by_shield":431,"minecraft:drop":29,"minecraft:talked_to_villager":5,"minecraft:play_time":120223,"minecraft:sneak_time":8859,"minecraft:deaths":1,"minecraft:walk_under_water_one_cm":36591,"minecraft:boat_one_cm":219272,"minecraft:jump":2246,"minecraft:walk_on_water_one_cm":26314,"minecraft:total_world_time":120223,"minecraft:interact_with_furnace":56,"minecraft:traded_with_villager":5,"minecraft:sleep_in_bed":7,"minecraft:time_since_rest":6744,"minecraft:damage_taken":1261,"minecraft:damage_dealt":4647,"minecraft:swim_one_cm":55266,"minecraft:fly_one_cm":371858,"minecraft:open_chest":80,"minecraft:crouch_one_cm":23667,"minecraft:fall_one_cm":65203},"minecraft:crafted":{"minecraft:oak_planks":8,"minecraft:furnace":1,"minecraft:light_gray_wool":3,"minecraft:cooked_mutton":5,"minecraft:iron_axe":2,"minecraft:stone_pickaxe":2,"minecraft:chest":4,"minecraft:dark_oak_planks":20,"minecraft:cooked_beef":22,"minecraft:cooked_cod":5,"minecraft:emerald":5,"minecraft:cooked_porkchop":3,"minecraft:crafting_table":1,"minecraft:iron_helmet":1,"minecraft:iron_sword":1,"minecraft:birch_planks":52,"minecraft:bucket":1,"minecraft:stone_axe":1,"minecraft:air":0,"minecraft:light_gray_bed":1,"minecraft:dark_oak_slab":36,"minecraft:shield":1,"minecraft:stick":12,"minecraft:iron_ingot":10,"minecraft:iron_pickaxe":1,"minecraft:stone_sword":1,"minecraft:light_gray_dye":3,"minecraft:composter":2},"minecraft:used":{"minecraft:moss_block":7,"minecraft:stone_sword":67,"minecraft:chest":8,"minecraft:shield":3,"minecraft:iron_sword":24,"minecraft:bell":1,"minecraft:iron_chestplate":1,"minecraft:torch":1,"minecraft:dirt":17,"minecraft:iron_axe":166,"minecraft:iron_boots":1,"minecraft:furnace":5,"minecraft:cooked_cod":4,"minecraft:cooked_beef":10,"minecraft:cobbled_deepslate":9,"minecraft:light_gray_bed":4,"minecraft:golden_axe":32,"minecraft:iron_leggings":1,"minecraft:pointed_dripstone":20,"minecraft:water_bucket":17,"minecraft:diorite":2,"minecraft:stone_pickaxe":192,"minecraft:oak_planks":1,"minecraft:wooden_pickaxe":33,"minecraft:mossy_cobblestone":1,"minecraft:crafting_table":5,"minecraft:cod":1,"minecraft:flower_pot":1,"minecraft:sunflower":2,"minecraft:bread":3,"minecraft:suspicious_stew":1,"minecraft:iron_pickaxe":287,"minecraft:spruce_sapling":18,"minecraft:gravel":1,"minecraft:stone_axe":30,"minecraft:wooden_sword":1,"minecraft:cobblestone":27,"minecraft:cooked_porkchop":3,"minecraft:bucket":18,"minecraft:pumpkin_pie":1,"minecraft:dandelion":4},"minecraft:dropped":{"minecraft:wheat_seeds":2,"minecraft:diorite":1,"minecraft:cooked_cod":1,"minecraft:wooden_sword":1,"minecraft:sunflower":2,"minecraft:iron_pickaxe":1,"minecraft:blue_bed":2,"minecraft:stone_axe":1,"minecraft:sweet_berries":2,"minecraft:iron_nugget":15,"minecraft:stone_sword":2,"minecraft:raw_copper":2,"minecraft:bowl":1,"minecraft:tuff":1,"minecraft:birch_sapling":6,"minecraft:composter":4,"minecraft:grindstone":1,"minecraft:potato":9,"minecraft:purple_bed":1,"minecraft:wooden_pickaxe":1,"minecraft:stone_pickaxe":1},"minecraft:killed_by":{"minecraft:player":1},"minecraft:broken":{"minecraft:stone_pickaxe":1,"minecraft:golden_axe":1,"minecraft:iron_pickaxe":1},"minecraft:killed":{"minecraft:spider":2,"minecraft:cod":8,"minecraft:skeleton":2,"minecraft:turtle":3,"minecraft:pig":3,"minecraft:sheep":2,"minecraft:zombie":3,"minecraft:cow":15},"minecraft:picked_up":{"minecraft:seagrass":2,"minecraft:crafting_table":4,"minecraft:iron_chestplate":1,"minecraft:flower_pot":1,"minecraft:wooden_pickaxe":1,"minecraft:shield":1,"minecraft:string":1,"minecraft:raw_copper":32,"minecraft:iron_axe":1,"minecraft:wooden_sword":2,"minecraft:iron_leggings":1,"minecraft:cartography_table":2,"minecraft:cobbled_deepslate":41,"minecraft:beef":43,"minecraft:iron_nugget":42,"minecraft:poppy":1,"minecraft:iron_pickaxe":2,"minecraft:chest":4,"minecraft:birch_sapling":6,"minecraft:furnace":4,"minecraft:iron_boots":2,"minecraft:egg":6,"minecraft:stick":355,"minecraft:raw_iron":58,"minecraft:composter":2,"minecraft:torch":2,"minecraft:porkchop":3,"minecraft:pointed_dripstone":41,"minecraft:diorite":4,"minecraft:rotten_flesh":8,"minecraft:stone_sword":1,"minecraft:arrow":4,"minecraft:light_gray_bed":4,"minecraft:gold_ingot":4,"minecraft:mutton":5,"minecraft:cod":6,"minecraft:white_wool":2,"minecraft:cobblestone":183,"minecraft:oxeye_daisy":3,"minecraft:birch_log":37,"minecraft:cooked_beef":10,"minecraft:water_bucket":1,"minecraft:andesite":12,"minecraft:brown_wool":1,"minecraft:leather":17,"minecraft:potato":1,"minecraft:tuff":1,"minecraft:oak_log":34,"minecraft:cobblestone_wall":1,"minecraft:lapis_lazuli":2,"minecraft:map":2,"minecraft:dirt":47,"minecraft:blue_bed":3,"minecraft:bone":4,"minecraft:apple":6,"minecraft:stonecutter":2,"minecraft:wheat_seeds":4,"minecraft:bell":1,"minecraft:grindstone":6,"minecraft:iron_ingot":9,"minecraft:iron_sword":3,"minecraft:dark_oak_slab":22,"minecraft:sweet_berries":45,"minecraft:dandelion":4,"minecraft:dripstone_block":6,"minecraft:gravel":1,"minecraft:spruce_sapling":25,"minecraft:spruce_log":297,"minecraft:mossy_cobblestone":1,"minecraft:purple_bed":1,"minecraft:diamond":2,"minecraft:granite":13,"minecraft:bone_meal":1,"minecraft:emerald":7,"minecraft:bread":8,"minecraft:oak_sapling":8,"minecraft:coal":296,"minecraft:sunflower":4}},"DataVersion":3700}