{"stats":{"minecraft:crafted":{"minecraft:stick":8,"minecraft:stone_pickaxe":2,"minecraft:stone_sword":1,"minecraft:birch_planks":32,"minecraft:stone_axe":1},"minecraft:mined":{"minecraft:birch_log":8,"minecraft:crafting_table":2,"minecraft:granite":14,"minecraft:grass_block":1,"minecraft:deepslate_iron_ore":4,"minecraft:dirt":14,"minecraft:gravel":1,"minecraft:copper_ore":1,"minecraft:cobblestone":1,"minecraft:stone":121,"minecraft:diorite":4,"minecraft:deepslate":53},"minecraft:picked_up":{"minecraft:birch_log":8,"minecraft:raw_iron":2,"minecraft:crafting_table":2,"minecraft:wooden_pickaxe":1,"minecraft:gravel":1,"minecraft:tuff":1,"minecraft:diorite":2,"minecraft:dirt":8,"minecraft:raw_copper":2,"minecraft:cobbled_deepslate":39,"minecraft:granite":11,"minecraft:birch_sapling":1,"minecraft:cobblestone":71},"minecraft:dropped":{"minecraft:wooden_pickaxe":1},"minecraft:used":{"minecraft:stone_sword":6,"minecraft:stone_pickaxe":174,"minecraft:wooden_pickaxe":33,"minecraft:stone_axe":1,"minecraft:dirt":5,"minecraft:cobblestone":1,"minecraft:crafting_table":1,"minecraft:cobbled_deepslate":6},"minecraft:custom":{"minecraft:time_since_rest":11474,"minecraft:sprint_one_cm":19155,"minecraft:damage_taken":80,"minecraft:walk_one_cm":19775,"minecraft:drop":1,"minecraft:damage_dealt":258,"minecraft:swim_one_cm":7289,"minecraft:interact_with_crafting_table":2,"minecraft:fly_one_cm":13888,"minecraft:crouch_one_cm":2245,"minecraft:play_time":11474,"minecraft:sneak_time":679,"minecraft:walk_under_water_one_cm":125,"minecraft:jump":222,"minecraft:walk_on_water_one_cm":391,"minecraft:time_since_death":11474,"minecraft:total_world_time":11474,"minecraft:fall_one_cm":3288},"minecraft:broken":{"minecraft:stone_pickaxe":1}},"DataVersion":3700}